Hearing Date and Time Start,ALJ,Case
2014-05-20T09:45:00,Cyrus,14-000887
2014-05-28T09:30:00,Manley,14-000452
2014-05-28T09:30:00,Manley,14-000456
2014-05-28T09:30:00,Manley,14-000633
2014-05-28T09:30:00,Manley,14-000670
2014-05-28T09:30:00,Manley,14-000672
2014-05-28T09:30:00,Manley,14-000675
2014-05-28T09:30:00,Manley,14-001109
2014-07-29T10:00:00,,14-001446
2014-08-11T09:00:00,Ballin,14-000158
2014-08-12T13:00:00,Ballin,14-000087
2014-08-12T13:00:00,Ballin,14-000088
2014-09-11T13:00:00,Ballin,14-001500
2014-09-12T08:45:00,Ballin,14-000217
2014-09-15T09:00:00,Ballin,14-000227
2014-09-15T10:30:00,Ballin,14-001010
2014-09-15T13:45:00,Ballin,14-000609
2014-09-15T14:30:00,Ballin,14-000212
2014-09-16T09:00:00,Ballin,14-001019
2014-09-16T09:30:00,Manley,14-000221
2014-09-16T12:45:00,Ballin,14-000727
2014-09-16T13:30:00,Ballin,14-000569
2014-09-16T14:15:00,Ballin,14-000070
2014-09-16T15:15:00,Ballin,14-000959
2014-09-18T10:45:00,Ballin,14-000790
2014-09-18T12:45:00,Ballin,14-000500
2014-09-18T13:30:00,Ballin,14-000700
2014-09-19T09:00:00,Ballin,14-000294
2014-09-19T09:45:00,Ballin,14-000760
2014-09-23T08:45:00,Haggerty,14-000820
2014-09-23T09:00:00,Cyrus,14-000547
2014-09-23T15:00:00,Cyrus,14-000033
2014-09-23T15:15:00,Haggerty,14-000308
2014-09-24T09:45:00,Haggerty,14-000289
2014-09-24T13:00:00,Cyrus,14-000683
2014-09-24T13:00:00,Haggerty,14-000689
2014-09-24T13:00:00,Haggerty,14-000709
2014-09-24T13:00:00,Haggerty,14-000720
2014-09-24T13:45:00,Cyrus,14-000708
2014-09-24T15:15:00,Cyrus,14-000260
2014-09-26T09:00:00,Haggerty,14-001290
2014-09-26T10:00:00,Haggerty,14-001068
2014-09-29T08:45:00,Cyrus,14-000147
2014-09-29T10:30:00,Ballin,14-000129
2014-09-29T13:00:00,Ballin,14-001049
2014-09-29T13:00:00,Cyrus,14-001179
2014-09-29T13:45:00,Ballin,14-000827
2014-09-29T14:00:00,Cyrus,14-000768
2014-09-29T14:00:00,Haggerty,14-000333
2014-09-29T14:30:00,Ballin,14-001030
2014-09-29T14:45:00,Haggerty,14-000391
2014-09-29T14:45:00,Cyrus,14-000687
2014-09-30T09:00:00,Ballin,14-000343
2014-09-30T09:00:00,Cyrus,14-000274
2014-09-30T09:45:00,Cyrus,14-000934
2014-09-30T10:00:00,Ballin,14-000334
2014-09-30T10:30:00,Cyrus,14-000843
2014-09-30T10:45:00,Ballin,14-000424
2014-09-30T13:00:00,Ballin,14-000313
2014-09-30T13:00:00,Cyrus,14-000764
2014-09-30T13:45:00,Ballin,14-000373
2014-09-30T13:45:00,Cyrus,14-000524
2014-09-30T14:30:00,Ballin,14-000493
2014-10-15T15:00:00,Cyrus,14-000440
2014-10-21T10:45:00,Ballin,14-000073
2014-10-23T10:45:00,Cyrus,14-001262
2014-11-03T09:00:00,Cyrus,14-000618
2014-11-05T09:00:00,Haggerty,14-000347
2014-11-10T09:00:00,Haggerty,14-000479
2014-11-10T09:00:00,Haggerty,14-000579
2014-11-17T09:00:00,Haggerty,14-000591
2014-11-17T10:30:00,Haggerty,14-000854
2014-11-17T13:00:00,Ballin,14-001264
2014-11-19T13:00:00,Cyrus,14-000869
2014-11-21T09:45:00,Ballin,14-000574
2014-11-24T09:00:00,Ballin,14-000263
2014-11-24T09:00:00,Cyrus,14-000441
2014-11-24T13:00:00,Cyrus,14-000622
2014-11-24T14:45:00,Cyrus,14-000593
2014-11-25T08:45:00,Ballin,14-000062
2014-11-25T09:00:00,Haggerty,14-001004
2014-11-25T09:00:00,Manley,14-000503
2014-11-25T09:00:00,Manley,14-000739
2014-11-25T09:00:00,Manley,14-000740
2014-11-25T09:00:00,Manley,14-000749
2014-11-25T09:00:00,Manley,14-000750
2014-11-25T09:30:00,Manley,14-000939
2014-11-25T13:00:00,Haggerty,14-000319
2014-11-25T13:00:00,Ballin,14-000762
2014-11-25T13:45:00,Cyrus,14-000019
2014-11-25T14:30:00,Ballin,14-000014
2014-11-25T15:15:00,Cyrus,14-000849
2014-11-25T15:15:00,Haggerty,14-000144
2014-12-01T09:00:00,Ballin,14-000919
2014-12-01T13:00:00,Ballin,14-000840
2014-12-01T13:00:00,Ballin,14-001061
2014-12-02T09:00:00,Ballin,14-000071
2014-12-04T09:00:00,Ballin,14-000290
2014-12-04T13:45:00,Ballin,14-000539
2014-12-05T09:00:00,Ballin,14-000486
2014-12-08T13:45:00,Cyrus,14-000729
2014-12-08T14:30:00,Cyrus,14-000859
2014-12-08T15:15:00,Cyrus,14-000572
2014-12-09T09:00:00,Cyrus,14-000600
2014-12-09T09:45:00,Cyrus,14-000060
2014-12-09T14:00:00,Cyrus,14-000734
2014-12-10T13:00:00,Ballin,14-000510
2014-12-15T09:00:00,Cyrus,14-000490
2014-12-15T10:30:00,Cyrus,14-001260
2014-12-17T13:45:00,Cyrus,14-000611
2015-01-20T09:00:00,Ballin,14-001786
2015-01-22T09:00:00,Ballin,14-001670
2015-01-26T08:45:00,Haggerty,14-000342
2015-01-26T09:00:00,Ballin,14-000930
2015-01-27T13:00:00,Cyrus,14-000108
2015-01-27T13:00:00,Cyrus,14-000118
2015-01-27T14:00:00,Ballin,14-000053
2015-01-27T14:00:00,Ballin,14-000090
2015-01-28T12:45:00,Haggerty,14-000031
2015-01-28T13:00:00,Cyrus,14-001125
2015-01-29T13:00:00,Ballin,14-003030
2015-02-03T09:00:00,Ballin,14-000170
2015-02-03T10:30:00,Ballin,14-000181
2015-02-03T13:00:00,Cyrus,14-000771
2015-02-03T14:00:00,Ballin,14-000690
2015-02-04T09:00:00,Haggerty,14-001000
2015-02-04T10:00:00,Haggerty,14-001188
2015-02-04T13:00:00,Haggerty,14-001024
2015-02-05T09:00:00,Ballin,14-000162
2015-02-09T09:00:00,Haggerty,14-000099
2015-02-09T09:00:00,Haggerty,14-001589
2015-02-17T09:00:00,Cyrus,14-000697
2015-02-18T13:00:00,Manley,14-001240
2015-02-19T09:00:00,Ballin,14-000269
2015-02-19T12:45:00,Ballin,14-000283
2015-02-20T10:00:00,Haggerty,14-000970
2015-02-24T11:00:00,Manley,14-000169
2015-02-25T10:00:00,Cyrus,14-000266
2015-02-26T09:00:00,Manley,14-000345
2015-02-26T09:30:00,Manley,14-000799
2015-02-26T11:00:00,Manley,14-001009
2015-03-03T09:00:00,Manley,14-001357
2015-03-05T09:00:00,Cyrus,14-000448
2015-03-05T10:00:00,Cyrus,14-000447
2015-03-09T10:00:00,Haggerty,14-001393
2015-03-09T13:00:00,Haggerty,14-000964
2015-03-10T13:00:00,Cyrus,14-000301
2015-03-11T13:00:00,Manley,14-000585
2015-03-11T13:00:00,Manley,14-001567
2015-03-12T13:00:00,Ballin,14-001094
2015-03-12T14:00:00,Ballin,14-001101
2015-03-12T15:00:00,Ballin,14-001107
2015-03-16T10:00:00,Haggerty,14-001551
2015-03-17T09:00:00,Manley,14-001863
2015-03-17T13:00:00,Ballin,14-002527
2015-03-18T09:00:00,Manley,14-001483
2015-03-18T09:00:00,Manley,14-001484
2015-03-18T09:00:00,Manley,14-001573
2015-03-18T09:00:00,Manley,14-001633
2015-03-18T09:00:00,Manley,14-001634
2015-03-18T09:00:00,Manley,14-001654
2015-03-19T09:00:00,Ballin,14-000262
2015-03-19T09:00:00,Cyrus,14-000766
2015-03-19T11:00:00,Manley,14-000927
2015-03-19T13:00:00,Cyrus,14-000185
2015-03-19T14:00:00,Cyrus,14-000246
2015-03-19T15:00:00,Cyrus,14-000296
2015-03-20T09:00:00,Haggerty,14-000302
2015-03-20T10:30:00,Haggerty,14-000615
2015-03-20T13:00:00,Haggerty,14-000501
2015-03-20T13:45:00,Cyrus,14-000065
2015-03-23T09:00:00,Ballin,14-000723
2015-03-23T10:00:00,Ballin,14-000724
2015-03-23T13:00:00,Manley,14-000819
2015-03-23T13:00:00,Ballin,14-000546
2015-03-23T13:00:00,Ballin,14-000555
2015-03-23T13:00:00,Ballin,14-002046
2015-03-24T09:00:00,Manley,14-000165
2015-03-24T09:00:00,Ballin,14-000787
2015-03-24T09:30:00,Manley,14-000986
2015-03-24T11:00:00,Manley,14-001554
2015-03-30T10:30:00,Haggerty,14-000076
2015-03-30T15:00:00,Haggerty,14-000113
2015-03-31T09:00:00,Cyrus,14-000777
2015-03-31T09:00:00,Cyrus,14-001687
2015-03-31T10:30:00,Ballin,14-000063
2015-03-31T10:30:00,Cyrus,14-000130
2015-03-31T13:00:00,Cyrus,14-000194
2015-03-31T13:00:00,Ballin,14-000077
2015-03-31T14:00:00,Ballin,14-000096
2015-03-31T14:00:00,Cyrus,14-000254
2015-04-01T09:00:00,Haggerty,14-000281
2015-04-01T09:00:00,Cyrus,14-000206
2015-04-01T09:00:00,Manley,14-002003
2015-04-01T09:00:00,Manley,14-000044
2015-04-01T10:30:00,Cyrus,14-000358
2015-04-01T13:00:00,Cyrus,14-000236
2015-04-01T13:00:00,Haggerty,14-000298
2015-04-01T15:00:00,Cyrus,14-000264
2015-04-01T15:00:00,Haggerty,14-000375
2015-04-02T09:00:00,Cyrus,14-000521
2015-04-02T09:00:00,Ballin,14-000325
2015-04-02T09:00:00,Manley,14-000380
2015-04-02T10:00:00,Cyrus,14-000438
2015-04-02T13:00:00,Cyrus,14-000536
2015-04-02T13:00:00,Ballin,14-000499
2015-04-02T13:00:00,Cyrus,14-000337
2015-04-02T13:00:00,Cyrus,14-000338
2015-04-03T09:00:00,Haggerty,14-000581
2015-04-06T09:00:00,Ballin,14-000553
2015-04-06T09:00:00,Ballin,14-000563
2015-04-06T09:00:00,Ballin,14-000573
2015-04-06T10:30:00,Haggerty,14-000608
2015-04-06T15:00:00,Haggerty,14-000582
2015-04-07T09:00:00,Cyrus,14-000825
2015-04-07T09:00:00,Ballin,14-000540
2015-04-07T09:30:00,Manley,14-001376
2015-04-07T10:00:00,Manley,14-001455
2015-04-07T10:00:00,Cyrus,14-000841
2015-04-07T10:30:00,Manley,14-001506
2015-04-07T11:00:00,Manley,14-001556
2015-04-07T11:00:00,Cyrus,14-000857
2015-04-07T13:00:00,Ballin,14-000686
2015-04-07T14:00:00,Ballin,14-000725
2015-04-08T10:30:00,Cyrus,14-000871
2015-04-08T10:30:00,Haggerty,14-000895
2015-04-08T13:00:00,Haggerty,14-000813
2015-04-09T09:00:00,Manley,14-001676
2015-04-09T09:00:00,Ballin,14-001065
2015-04-09T09:30:00,Manley,14-002177
2015-04-09T10:00:00,Manley,14-002554
2015-04-09T10:30:00,Manley,14-002623
2015-04-09T13:00:00,Cyrus,14-000586
2015-04-10T13:00:00,Haggerty,14-000900
2015-04-10T14:00:00,Haggerty,14-000916
2015-04-13T09:00:00,Haggerty,14-000923
2015-04-14T09:00:00,Cyrus,14-000945
2015-04-14T09:00:00,Manley,14-004067
2015-04-14T10:30:00,Cyrus,14-000926
2015-04-14T13:00:00,Cyrus,14-000904
2015-04-14T14:30:00,Cyrus,14-000953
2015-04-15T09:00:00,Cyrus,14-000592
2015-04-15T09:30:00,Manley,14-001805
2015-04-15T10:00:00,Haggerty,14-000958
2015-04-15T10:30:00,Manley,14-001729
2015-04-15T13:00:00,Haggerty,14-000794
2015-04-15T14:30:00,Haggerty,14-001274
2015-04-16T09:00:00,Ballin,14-001012
2015-04-16T13:00:00,Ballin,14-000862
2015-04-16T15:00:00,Ballin,14-000978
2015-04-21T10:30:00,Cyrus,14-001087
2015-04-21T10:30:00,Ballin,14-001210
2015-04-21T13:00:00,Ballin,14-001136
2015-04-22T10:30:00,Cyrus,14-001045
2015-04-22T11:00:00,Manley,14-001984
2015-04-22T13:00:00,Cyrus,14-000963
2015-04-23T09:00:00,Manley,14-002500
2015-04-24T13:00:00,Haggerty,14-001139
2015-04-24T14:00:00,Haggerty,14-001176
2015-04-24T15:00:00,Haggerty,14-001178
2015-04-27T09:00:00,Haggerty,14-001204
2015-04-28T09:00:00,Cyrus,14-001239
2015-04-28T09:30:00,Manley,14-002165
2015-04-28T10:00:00,Manley,14-002173
2015-04-28T10:30:00,Cyrus,14-001250
2015-04-28T13:00:00,Cyrus,14-001137
2015-04-28T15:00:00,Cyrus,14-001202
2015-04-29T09:00:00,Manley,14-001205
2015-04-29T09:00:00,Cyrus,14-001259
2015-04-29T09:00:00,Haggerty,14-001288
2015-04-29T10:00:00,Manley,14-001378
2015-04-29T10:30:00,Cyrus,14-001268
2015-04-29T13:00:00,Cyrus,14-001148
2015-04-29T15:00:00,Cyrus,14-001257
2015-04-29T15:00:00,Haggerty,14-001277
2015-04-30T09:00:00,Ballin,14-001320
2015-04-30T10:00:00,Ballin,14-001375
2015-04-30T13:00:00,Ballin,14-001229
2015-04-30T13:00:00,Cyrus,14-001231
2015-05-04T10:30:00,Ballin,14-001363
2015-05-05T09:00:00,Manley,14-001002
2015-05-05T09:00:00,Ballin,14-001386
2015-05-05T09:00:00,Cyrus,14-001282
2015-05-05T09:30:00,Manley,14-001952
2015-05-05T13:00:00,Ballin,14-001400
2015-05-05T13:00:00,Cyrus,14-001436
2015-05-05T14:00:00,Cyrus,14-001439
2015-05-05T15:00:00,Ballin,14-001430
2015-05-05T15:00:00,Cyrus,14-001441
2015-05-06T09:00:00,Manley,14-001083
2015-05-06T09:00:00,Manley,14-001273
2015-05-06T10:00:00,Manley,14-001303
2015-05-06T10:00:00,Manley,14-001403
2015-05-06T10:30:00,Cyrus,14-001474
2015-05-06T11:00:00,Manley,14-001473
2015-05-06T11:00:00,Manley,14-003073
2015-05-06T12:00:00,Manley,14-003093
2015-05-06T12:00:00,Manley,14-003133
2015-05-06T13:00:00,Manley,14-003443
2015-05-06T14:00:00,Cyrus,14-001571
2015-05-07T09:00:00,Cyrus,14-001478
2015-05-07T10:00:00,Manley,14-002552
2015-05-07T10:30:00,Cyrus,14-001630
2015-05-07T11:00:00,Manley,14-003057
2015-05-07T13:00:00,Ballin,14-001452
2015-05-07T13:00:00,Cyrus,14-001472
2015-05-07T15:00:00,Ballin,14-001553
2015-05-07T15:00:00,Cyrus,14-000020
2015-05-11T09:00:00,Ballin,14-001523
2015-05-11T13:00:00,Ballin,14-001503
2015-05-12T09:00:00,Manley,14-003113
2015-05-12T09:00:00,Manley,14-003319
2015-05-12T10:00:00,Manley,14-003159
2015-05-12T10:30:00,Cyrus,14-001711
2015-05-12T11:00:00,Manley,14-003279
2015-05-12T13:00:00,Cyrus,14-001507
2015-05-13T09:00:00,Cyrus,14-001558
2015-05-13T10:30:00,Cyrus,14-001759
2015-05-13T14:30:00,Cyrus,14-001574
2015-05-14T09:00:00,Manley,14-003607
2015-05-14T09:00:00,Ballin,14-001545
2015-05-14T10:00:00,Manley,14-000896
2015-05-14T10:30:00,Cyrus,14-001929
2015-05-14T13:00:00,Cyrus,14-001568
2015-05-14T15:00:00,Ballin,14-001880
2015-05-19T09:00:00,Cyrus,14-002532
2015-05-19T10:30:00,Ballin,14-000538
2015-05-19T14:30:00,Ballin,14-000346
2015-05-20T10:00:00,Cyrus,14-000838
2015-05-20T13:00:00,Cyrus,14-002535
2015-05-20T15:00:00,Cyrus,14-000565
2015-05-21T13:00:00,Cyrus,14-002702
2015-05-21T14:00:00,Ballin,14-002352
2015-05-21T14:00:00,Cyrus,14-002511
2015-05-26T09:00:00,Manley,14-002713
2015-05-26T09:30:00,Manley,14-001896
2015-05-26T10:00:00,Manley,14-003860
2015-05-26T10:00:00,Manley,14-000899
2015-05-26T10:30:00,Manley,14-003869
2015-05-26T11:00:00,Manley,14-001945
2015-05-26T14:30:00,Ballin,14-000432
2015-05-27T09:00:00,Ballin,14-000770
2015-05-27T09:00:00,Manley,14-001712
2015-05-27T10:30:00,Cyrus,14-000685
2015-05-27T14:00:00,Ballin,14-000512
2015-05-28T09:00:00,Ballin,14-000858
2015-05-28T09:30:00,Manley,14-002156
2015-05-28T10:00:00,Manley,14-002355
2015-05-28T10:30:00,Cyrus,14-002158
2015-05-28T14:00:00,Ballin,14-002035
2015-06-02T09:00:00,Cyrus,14-000845
2015-06-02T13:00:00,Cyrus,14-000219
2015-06-03T10:30:00,Haggerty,14-002653
2015-06-03T14:30:00,Haggerty,14-001347
2015-06-04T10:30:00,Cyrus,14-000836
2015-06-04T15:00:00,Ballin,14-000435
2015-06-05T10:30:00,Haggerty,14-002543
2015-06-05T13:00:00,Haggerty,14-002707
2015-06-05T14:00:00,Haggerty,14-002704
2015-06-05T15:00:00,Haggerty,14-002710
2015-06-08T09:00:00,Ballin,14-001668
2015-06-08T10:30:00,Haggerty,14-002810
2015-06-08T13:00:00,Haggerty,14-000556
2015-06-08T15:00:00,Haggerty,14-002750
2015-06-09T10:30:00,Ballin,14-001529
2015-06-10T09:00:00,Cyrus,14-001757
2015-06-10T10:30:00,Cyrus,14-001575
2015-06-10T13:00:00,Cyrus,14-001336
2015-06-10T15:00:00,Cyrus,14-001588
2015-06-11T09:00:00,Manley,14-002630
2015-06-11T09:00:00,Ballin,14-001781
2015-06-11T09:00:00,Ballin,14-002911
2015-06-11T09:30:00,Manley,14-002639
2015-06-11T10:00:00,Manley,14-002693
2015-06-11T10:30:00,Ballin,14-001649
2015-06-11T11:00:00,Manley,14-001787
2015-06-11T13:00:00,Ballin,14-001768
2015-06-11T13:00:00,Cyrus,14-001762
2015-06-12T10:30:00,Haggerty,14-002825
2015-06-12T14:00:00,Haggerty,14-002922
2015-06-12T15:00:00,Haggerty,14-002929
2015-06-15T10:30:00,Ballin,14-001275
2015-06-15T13:00:00,Haggerty,14-001803
2015-06-15T14:00:00,Haggerty,14-001837
2015-06-15T15:00:00,Ballin,14-001726
2015-06-15T15:00:00,Haggerty,14-001862
2015-06-16T09:00:00,Ballin,14-001689
2015-06-16T09:00:00,Cyrus,14-001691
2015-06-16T10:30:00,Ballin,14-001785
2015-06-16T10:30:00,Cyrus,14-001872
2015-06-16T15:00:00,Ballin,14-001861
2015-06-17T09:00:00,Cyrus,14-000210
2015-06-17T09:00:00,Haggerty,14-002033
2015-06-17T09:00:00,Haggerty,14-002034
2015-06-17T09:00:00,Haggerty,14-002043
2015-06-17T09:00:00,Haggerty,14-002823
2015-06-17T10:30:00,Cyrus,14-001882
2015-06-17T13:00:00,Cyrus,14-001651
2015-06-17T15:00:00,Cyrus,14-001675
2015-06-18T09:00:00,Ballin,14-001725
2015-06-18T10:00:00,Manley,14-003579
2015-06-18T10:30:00,Manley,14-002954
2015-06-18T10:30:00,Ballin,14-001894
2015-06-18T10:30:00,Cyrus,14-001942
2015-06-18T11:00:00,Manley,14-001625
2015-06-18T13:00:00,Ballin,14-001791
2015-06-18T13:00:00,Cyrus,14-001800
2015-06-18T15:00:00,Ballin,14-001635
2015-06-19T09:00:00,Haggerty,14-001976
2015-06-19T10:30:00,Haggerty,14-001973
2015-06-19T13:00:00,Haggerty,14-001959
2015-06-19T14:00:00,Haggerty,14-001980
2015-06-22T10:30:00,Haggerty,14-002050
2015-06-22T10:30:00,Ballin,14-002022
2015-06-22T13:00:00,Haggerty,14-001898
2015-06-23T09:00:00,Ballin,14-002139
2015-06-23T09:30:00,Manley,14-002373
2015-06-23T10:00:00,Manley,14-001982
2015-06-23T10:30:00,Ballin,14-002060
2015-06-23T10:30:00,Cyrus,14-002093
2015-06-23T11:00:00,Manley,14-003146
2015-06-23T13:00:00,Cyrus,14-002099
2015-06-23T13:00:00,Ballin,14-002071
2015-06-23T14:00:00,Ballin,14-002084
2015-06-23T14:00:00,Cyrus,14-002121
2015-06-23T15:00:00,Ballin,14-002085
2015-06-24T09:00:00,Cyrus,14-001420
2015-06-24T13:00:00,Cyrus,14-002179
2015-06-24T15:00:00,Cyrus,14-002153
2015-06-24T15:00:00,Cyrus,14-002160
2015-06-25T09:00:00,Manley,14-003188
2015-06-25T09:00:00,Cyrus,14-002752
2015-06-25T09:30:00,Manley,14-003219
2015-06-25T10:00:00,Manley,14-003463
2015-06-25T10:30:00,Ballin,14-002390
2015-06-25T10:30:00,Cyrus,14-002529
2015-06-25T13:00:00,Cyrus,14-002089
2015-06-25T14:00:00,Cyrus,14-002539
2015-06-25T15:00:00,Ballin,14-002519
2015-06-25T15:00:00,Cyrus,14-002561
2015-06-26T13:30:00,Ballin,14-003834
2015-06-29T09:00:00,Haggerty,14-002930
2015-06-29T10:30:00,Ballin,14-002672
2015-06-29T10:30:00,Haggerty,14-002760
2015-06-29T13:00:00,Haggerty,14-002819
2015-06-29T13:00:00,Ballin,14-002647
2015-06-29T14:00:00,Haggerty,14-002919
2015-06-29T14:30:00,Ballin,14-002822
2015-06-29T15:00:00,Haggerty,14-002940
2015-06-30T09:00:00,Ballin,14-003089
2015-06-30T10:00:00,Ballin,14-003140
2015-06-30T13:00:00,Cyrus,14-001198
2015-06-30T14:00:00,Cyrus,14-001923
2015-06-30T15:00:00,Haggerty,14-001807
2015-07-01T09:00:00,Cyrus,14-002604
2015-07-01T10:00:00,Cyrus,14-001695
2015-07-01T10:30:00,Ballin,14-001879
2015-07-01T10:30:00,Ballin,14-001920
2015-07-01T10:30:00,Haggerty,14-001073
2015-07-01T13:00:00,Ballin,14-000878
2015-07-01T13:00:00,Ballin,14-000877
2015-07-01T13:00:00,Haggerty,14-000997
2015-07-01T14:00:00,Cyrus,14-002004
2015-07-02T09:00:00,Ballin,14-002343
2015-07-02T10:30:00,Ballin,14-002722
2015-07-02T13:00:00,Ballin,14-002354
2015-07-02T14:30:00,Ballin,14-002509
2015-07-07T09:00:00,Manley,14-002176
2015-07-07T09:00:00,Cyrus,14-002541
2015-07-07T09:30:00,Manley,14-002957
2015-07-07T10:00:00,Manley,14-002958
2015-07-07T10:30:00,,14-002852
2015-07-07T13:00:00,Haggerty,14-002631
2015-07-08T09:00:00,Haggerty,14-001066
2015-07-08T13:00:00,Cyrus,14-002634
2015-07-08T14:30:00,Cyrus,14-002701
2015-07-08T15:00:00,Ballin,14-001992
2015-07-09T09:00:00,Cyrus,14-001218
2015-07-09T09:30:00,Manley,14-003045
2015-07-09T10:00:00,Ballin,14-001538
2015-07-09T10:30:00,Manley,14-003136
2015-07-09T14:30:00,Cyrus,14-002734
2015-07-10T13:00:00,Haggerty,14-002956
2015-07-10T14:00:00,Haggerty,14-002773
2015-07-10T14:00:00,Haggerty,14-002774
2015-07-13T09:00:00,Haggerty,14-001823
2015-07-13T09:00:00,Haggerty,14-001833
2015-07-13T10:00:00,Haggerty,14-001965
2015-07-13T13:00:00,Haggerty,14-002721
2015-07-13T15:00:00,Haggerty,14-002961
2015-07-14T09:00:00,Manley,14-003937
2015-07-14T09:30:00,Manley,14-003595
2015-07-14T10:00:00,Manley,14-003540
2015-07-14T10:30:00,Manley,14-003461
2015-07-14T11:00:00,Manley,14-002553
2015-07-15T09:00:00,Cyrus,14-001385
2015-07-15T14:30:00,Cyrus,14-002341
2015-07-16T09:00:00,Manley,14-004020
2015-07-16T09:30:00,Manley,14-004019
2015-07-16T10:00:00,Cyrus,14-002812
2015-07-16T11:00:00,Manley,14-001165
2015-07-17T10:00:00,Cyrus,14-002621
2015-07-17T13:00:00,Haggerty,14-002835
2015-07-17T14:30:00,Haggerty,14-002872
2015-07-17T15:00:00,Cyrus,14-001026
2015-07-20T09:00:00,Haggerty,14-002976
2015-07-21T09:00:00,Manley,14-004292
2015-07-21T09:00:00,Cyrus,14-000756
2015-07-21T09:30:00,Manley,15-000041
2015-07-21T10:00:00,Manley,15-000042
2015-07-21T10:00:00,Cyrus,14-002979
2015-07-21T10:30:00,Manley,15-000051
2015-07-21T11:00:00,Manley,15-000052
2015-07-21T11:30:00,Manley,15-000061
2015-07-21T12:00:00,Manley,15-000062
2015-07-21T13:00:00,Ballin,14-000925
2015-07-22T09:00:00,Cyrus,14-001975
2015-07-22T09:00:00,Haggerty,14-002708
2015-07-22T09:00:00,Manley,14-002028
2015-07-22T13:00:00,Cyrus,14-000715
2015-07-22T13:00:00,Haggerty,14-003170
2015-07-23T09:00:00,Manley,14-004130
2015-07-23T09:00:00,Cyrus,14-002578
2015-07-23T10:00:00,Manley,14-001686
2015-07-23T10:30:00,Cyrus,14-002746
2015-07-23T11:00:00,Manley,14-001775
2015-07-23T13:00:00,Ballin,14-002387
2015-07-23T14:00:00,Ballin,14-002149
2015-07-23T15:00:00,Ballin,14-002537
2015-07-24T09:00:00,Haggerty,14-002768
2015-07-24T13:00:00,Haggerty,14-003022
2015-07-27T09:00:00,Ballin,14-002744
2015-07-27T09:00:00,Haggerty,14-002901
2015-07-27T10:00:00,Ballin,14-002879
2015-07-27T10:00:00,Haggerty,14-003005
2015-07-28T09:00:00,Ballin,14-002765
2015-07-28T10:00:00,Manley,14-003373
2015-07-28T10:30:00,Manley,14-003673
2015-07-28T11:00:00,Manley,14-001885
2015-07-28T13:00:00,Ballin,14-003050
2015-07-28T14:30:00,Cyrus,14-003091
2015-07-29T09:00:00,Haggerty,14-003040
2015-07-29T09:00:00,Manley,14-001475
2015-07-29T09:00:00,Manley,14-001476
2015-07-29T09:00:00,Cyrus,14-003722
2015-07-29T10:00:00,Manley,14-002803
2015-07-29T10:00:00,Manley,14-002804
2015-07-29T13:00:00,Haggerty,14-003070
2015-07-29T13:00:00,Cyrus,14-002109
2015-07-29T14:00:00,Haggerty,14-003072
2015-07-29T15:00:00,Haggerty,14-003095
2015-07-30T09:00:00,Manley,14-003973
2015-07-30T09:00:00,Ballin,14-003129
2015-07-30T09:30:00,Manley,14-003454
2015-07-30T10:00:00,Manley,14-003515
2015-07-30T10:00:00,Cyrus,14-003399
2015-07-30T11:00:00,Manley,14-001916
2015-07-30T13:00:00,Cyrus,14-003111
2015-07-30T13:00:00,Ballin,14-003099
2015-07-30T15:00:00,Cyrus,14-003161
2015-08-03T09:00:00,Haggerty,14-003173
2015-08-03T09:00:00,Ballin,14-000075
2015-08-03T10:30:00,Ballin,14-001637
2015-08-03T13:00:00,Ballin,14-001279
2015-08-03T14:00:00,Haggerty,14-001416
2015-08-04T09:00:00,Manley,14-001126
2015-08-04T09:00:00,Ballin,14-001869
2015-08-04T09:00:00,Cyrus,14-001155
2015-08-04T09:30:00,Manley,14-001265
2015-08-04T10:00:00,Ballin,14-001542
2015-08-04T10:30:00,Manley,14-000286
2015-08-04T11:00:00,Manley,14-001985
2015-08-05T09:00:00,Cyrus,14-002815
2015-08-05T13:30:00,Cyrus,15-000679
2015-08-05T14:30:00,Haggerty,14-003094
2015-08-06T10:00:00,Manley,14-002575
2015-08-06T10:00:00,Ballin,14-003063
2015-08-06T10:30:00,Manley,14-002346
2015-08-06T10:30:00,Ballin,14-001784
2015-08-06T13:00:00,Cyrus,14-002880
2015-08-06T13:00:00,Ballin,14-002967
2015-08-06T13:00:00,Ballin,14-003008
2015-08-06T13:00:00,Ballin,15-000508
2015-08-07T13:00:00,Haggerty,14-003064
2015-08-07T14:30:00,Haggerty,14-002556
2015-08-07T14:30:00,Haggerty,14-003132
2015-08-10T09:00:00,Ballin,14-003175
2015-08-10T13:00:00,Haggerty,14-003149
2015-08-10T14:00:00,Ballin,14-002374
2015-08-10T14:30:00,Cyrus,14-003190
2015-08-10T15:00:00,Ballin,14-002953
2015-08-11T09:00:00,Manley,14-002501
2015-08-11T09:00:00,Cyrus,14-003275
2015-08-11T10:00:00,Manley,14-002144
2015-08-11T10:30:00,Cyrus,14-003034
2015-08-11T11:00:00,Manley,14-001936
2015-08-11T13:00:00,Ballin,14-000051
2015-08-11T14:30:00,Ballin,14-003201
2015-08-12T09:00:00,Cyrus,14-003300
2015-08-12T09:00:00,Haggerty,14-003231
2015-08-12T10:30:00,Cyrus,14-003204
2015-08-12T13:00:00,Manley,14-002689
2015-08-12T13:00:00,Haggerty,14-003245
2015-08-12T13:00:00,Cyrus,14-003213
2015-08-12T14:30:00,Haggerty,14-003230
2015-08-13T09:00:00,Manley,14-003402
2015-08-13T09:00:00,Cyrus,14-003315
2015-08-13T09:30:00,Manley,14-001925
2015-08-13T10:30:00,Cyrus,14-003259
2015-08-13T11:00:00,Manley,14-003524
2015-08-13T13:00:00,Cyrus,14-003340
2015-08-13T13:00:00,Ballin,14-003246
2015-08-13T14:00:00,Cyrus,14-003347
2015-08-13T14:30:00,Ballin,14-003282
2015-08-14T13:00:00,Haggerty,14-003329
2015-08-14T14:00:00,Haggerty,14-003339
2015-08-17T09:30:00,Ballin,14-001372
2015-08-17T10:00:00,Ballin,14-003284
2015-08-17T13:00:00,Ballin,14-003344
2015-08-17T14:00:00,Ballin,14-003312
2015-08-18T09:00:00,Manley,14-003644
2015-08-18T09:00:00,Ballin,14-003356
2015-08-18T10:00:00,Manley,14-003555
2015-08-18T10:00:00,Ballin,14-003166
2015-08-18T10:30:00,Manley,14-004212
2015-08-18T10:30:00,Cyrus,14-003395
2015-08-18T13:00:00,Ballin,14-003441
2015-08-18T14:00:00,Cyrus,14-003479
2015-08-18T14:00:00,Ballin,14-001846
2015-08-18T15:00:00,Cyrus,14-003480
2015-08-19T10:00:00,Ballin,14-003444
2015-08-19T10:00:00,Cyrus,14-003459
2015-08-19T13:00:00,Cyrus,14-003490
2015-08-19T15:00:00,Cyrus,14-003919
2015-08-20T09:00:00,Manley,14-003600
2015-08-20T09:00:00,Ballin,14-003559
2015-08-20T09:00:00,Cyrus,14-003726
2015-08-20T09:30:00,Manley,15-000192
2015-08-20T10:00:00,Manley,14-003525
2015-08-20T10:00:00,Ballin,14-003550
2015-08-20T10:30:00,Manley,14-003575
2015-08-20T11:00:00,Manley,14-004318
2015-08-20T13:00:00,Cyrus,14-003669
2015-08-20T14:00:00,Ballin,14-003506
2015-08-20T14:00:00,Cyrus,14-003660
2015-08-24T09:00:00,Ballin,14-003819
2015-08-24T10:00:00,Cyrus,14-000154
2015-08-25T09:00:00,Cyrus,14-003830
2015-08-25T10:00:00,Cyrus,14-003839
2015-08-25T13:00:00,Cyrus,14-003870
2015-08-25T13:00:00,Cyrus,14-004229
2015-08-25T14:30:00,Ballin,14-003890
2015-08-26T10:00:00,Haggerty,14-003940
2015-08-26T10:30:00,Cyrus,14-003868
2015-08-26T13:00:00,Cyrus,14-003949
2015-08-26T14:00:00,Cyrus,14-003900
2015-08-26T15:00:00,Cyrus,14-003999
2015-08-28T13:00:00,Haggerty,14-003330
2015-08-28T14:00:00,Haggerty,14-003423
2015-08-31T09:00:00,Ballin,14-003959
2015-08-31T09:00:00,Ballin,14-003929
2015-08-31T09:00:00,Haggerty,14-004060
2015-08-31T10:00:00,Haggerty,14-003381
2015-08-31T13:00:00,Ballin,14-004069
2015-08-31T14:00:00,Ballin,14-004119
2015-08-31T14:30:00,Haggerty,14-004248
2015-08-31T15:00:00,Ballin,14-004100
2015-09-01T09:00:00,Ballin,14-001853
2015-09-02T10:30:00,Haggerty,14-002381
2015-09-02T14:30:00,Haggerty,14-001321
2015-09-03T09:00:00,Ballin,14-001614
2015-09-03T09:00:00,Cyrus,14-003234
2015-09-03T13:00:00,Ballin,14-002136
2015-09-03T13:00:00,Cyrus,14-002981
2015-09-03T14:00:00,Cyrus,14-004000
2015-09-03T15:00:00,Cyrus,14-003573
2015-09-08T09:00:00,Manley,14-002857
2015-09-08T09:00:00,Ballin,14-003345
2015-09-08T09:30:00,Manley,14-002850
2015-09-08T10:30:00,Manley,14-002885
2015-09-08T11:00:00,Manley,14-000566
2015-09-08T13:30:00,Manley,14-001495
2015-09-09T09:00:00,Haggerty,14-001770
2015-09-09T09:00:00,Manley,14-003990
2015-09-09T09:00:00,Haggerty,14-000902
2015-09-09T10:00:00,Manley,14-003516
2015-09-09T11:00:00,Manley,14-003615
2015-09-09T14:00:00,Haggerty,14-003359
2015-09-10T14:00:00,Ballin,14-002097
2015-09-15T13:00:00,Ballin,14-002729
2015-09-16T09:00:00,Cyrus,14-001552
2015-09-16T09:00:00,Haggerty,14-002726
2015-09-16T09:00:00,Haggerty,14-003766
2015-09-16T14:30:00,Haggerty,14-004270
2015-09-21T13:00:00,Ballin,15-000349
2015-09-21T13:00:00,Haggerty,14-000809
2015-09-21T13:00:00,Haggerty,14-001190
2015-09-21T13:00:00,Haggerty,14-002610
2015-09-21T13:00:00,Haggerty,14-004039
2015-09-21T14:00:00,Ballin,14-000137
2015-09-21T15:00:00,Ballin,14-001638
2015-09-22T09:00:00,Manley,14-000894
2015-09-23T09:00:00,Haggerty,14-001698
2015-09-23T14:30:00,Haggerty,14-001717
2015-09-24T09:00:00,Manley,14-000888
2015-09-24T10:30:00,Manley,14-003776
2015-09-24T11:00:00,Manley,14-003835
2015-09-24T13:00:00,Ballin,14-002051
2015-09-24T14:30:00,Cyrus,14-001765
2015-09-28T09:00:00,Ballin,14-002838
2015-09-28T10:00:00,Manley,14-004199
2015-09-28T10:00:00,Ballin,14-003048
2015-09-28T11:00:00,Manley,15-000590
2015-09-29T09:00:00,Manley,14-001195
2015-09-29T10:30:00,Manley,15-000390
2015-09-29T14:00:00,Cyrus,14-003090
2015-09-30T09:00:00,Cyrus,14-001617
2015-09-30T09:00:00,Manley,14-003107
2015-09-30T09:00:00,Manley,14-003108
2015-09-30T09:00:00,Manley,14-003117
2015-09-30T09:00:00,Manley,14-003118
2015-09-30T09:00:00,Manley,14-003127
2015-10-01T09:00:00,Manley,14-003605
2015-10-01T09:00:00,Ballin,14-004283
2015-10-01T09:00:00,Cyrus,14-002799
2015-10-01T10:00:00,Manley,14-003676
2015-10-01T10:00:00,Ballin,14-004285
2015-10-01T10:30:00,Manley,14-003713
2015-10-01T13:00:00,Ballin,14-002369
2015-10-01T13:00:00,Cyrus,14-001143
2015-10-01T13:00:00,Cyrus,14-001144
2015-10-05T13:00:00,Haggerty,14-002965
2015-10-05T13:00:00,Ballin,14-001057
2015-10-05T14:00:00,Haggerty,14-003462
2015-10-05T14:00:00,Haggerty,15-001441
2015-10-05T14:30:00,Ballin,14-001515
2015-10-06T10:00:00,Manley,14-003814
2015-10-06T11:00:00,Manley,14-003874
2015-10-06T15:00:00,Cyrus,14-003120
2015-10-07T09:00:00,Cyrus,14-003391
2015-10-07T09:00:00,Manley,14-001244
2015-10-07T09:00:00,Manley,14-001713
2015-10-07T09:00:00,Manley,14-001783
2015-10-07T09:00:00,Manley,14-002824
2015-10-07T09:00:00,Manley,14-003043
2015-10-07T09:00:00,Manley,14-003144
2015-10-08T09:00:00,Manley,14-003944
2015-10-08T09:00:00,Cyrus,15-001095
2015-10-08T09:30:00,Manley,14-004033
2015-10-08T10:00:00,Manley,14-004044
2015-10-08T11:00:00,Manley,14-004030
2015-10-08T13:00:00,Cyrus,14-001655
2015-10-08T14:00:00,Cyrus,14-003327
2015-10-09T09:00:00,Haggerty,14-000955
2015-10-13T15:00:00,Cyrus,14-002558
2015-10-14T09:00:00,Cyrus,14-003296
2015-10-14T10:00:00,Cyrus,14-003407
2015-10-14T10:00:00,Cyrus,15-001527
2015-10-14T13:00:00,Ballin,14-002739
2015-10-14T13:00:00,Cyrus,14-002154
2015-10-14T14:00:00,Haggerty,14-003333
2015-10-14T14:00:00,Haggerty,14-003334
2015-10-14T15:00:00,Cyrus,14-003455
2015-10-15T09:00:00,Cyrus,14-003408
2015-10-15T10:00:00,Cyrus,14-003489
2015-10-15T13:00:00,Cyrus,14-003068
2015-10-15T14:00:00,Cyrus,14-003058
2015-10-15T15:00:00,Cyrus,14-003067
2015-10-16T14:30:00,Haggerty,14-001395
2015-10-19T09:00:00,Cyrus,14-001236
2015-10-19T09:00:00,Haggerty,14-002546
2015-10-19T09:00:00,Ballin,14-003529
2015-10-19T10:00:00,Haggerty,14-002555
2015-10-19T10:00:00,Cyrus,14-001665
2015-10-19T10:30:00,Ballin,14-003547
2015-10-19T13:00:00,,14-001226
2015-10-19T13:00:00,Ballin,14-001035
2015-10-19T13:00:00,Ballin,14-001036
2015-10-19T13:00:00,Ballin,14-001041
2015-10-19T13:00:00,Ballin,14-001055
2015-10-19T13:00:00,Ballin,14-001067
2015-10-19T13:00:00,Ballin,14-001106
2015-10-19T13:00:00,Ballin,14-001105
2015-10-19T13:00:00,Ballin,14-001175
2015-10-20T09:00:00,Ballin,14-003739
2015-10-20T13:00:00,Ballin,14-004293
2015-10-20T14:00:00,Ballin,14-001477
2015-10-20T15:00:00,Ballin,14-001987
2015-10-21T09:00:00,Ballin,14-000865
2015-10-21T09:00:00,Haggerty,14-003557
2015-10-21T14:00:00,Haggerty,14-003577
2015-10-22T09:00:00,Manley,14-004070
2015-10-22T09:00:00,Ballin,14-003572
2015-10-22T09:00:00,Cyrus,14-003584
2015-10-22T10:00:00,Cyrus,14-003566
2015-10-22T10:00:00,Ballin,14-003597
2015-10-22T10:30:00,Manley,14-004114
2015-10-22T11:00:00,Manley,14-004151
2015-10-22T13:00:00,Cyrus,14-003638
2015-10-22T13:00:00,Ballin,14-003628
2015-10-22T14:30:00,Cyrus,14-003645
2015-10-23T13:00:00,Haggerty,14-002349
2015-10-23T14:00:00,Haggerty,14-001849
2015-10-26T09:00:00,Ballin,14-003655
2015-10-26T10:00:00,Ballin,14-003585
2015-10-27T09:00:00,Manley,14-000886
2015-10-27T09:30:00,Manley,14-001355
2015-10-27T10:00:00,Manley,14-001396
2015-10-27T10:00:00,Ballin,14-003684
2015-10-27T10:00:00,Cyrus,14-003702
2015-10-27T10:30:00,Manley,14-001656
2015-10-27T13:00:00,Cyrus,14-003446
2015-10-27T14:30:00,Cyrus,14-003746
2015-10-27T14:30:00,Ballin,14-003938
2015-10-28T09:00:00,Manley,14-003239
2015-10-28T09:00:00,Manley,14-003420
2015-10-28T09:00:00,Manley,14-003429
2015-10-28T09:00:00,Manley,14-003419
2015-10-28T10:00:00,Cyrus,14-003703
2015-10-28T13:00:00,Cyrus,14-003773
2015-10-28T15:00:00,Ballin,14-003646
2015-10-28T15:00:00,Cyrus,14-003755
2015-10-29T09:00:00,Ballin,14-003774
2015-10-29T09:00:00,Cyrus,14-003815
2015-10-29T10:00:00,Ballin,14-003796
2015-10-29T10:30:00,Manley,14-003833
2015-10-29T10:30:00,Cyrus,14-003779
2015-10-29T11:00:00,Manley,15-000154
2015-10-29T13:00:00,Cyrus,14-003811
2015-10-29T14:00:00,Cyrus,14-003818
2015-10-29T15:00:00,Cyrus,14-003866
2015-11-02T09:00:00,Ballin,14-002348
2015-11-02T09:00:00,Haggerty,14-000627
2015-11-02T10:00:00,Ballin,14-002896
2015-11-02T13:30:00,Ballin,14-003670
2015-11-03T09:00:00,Ballin,14-001688
2015-11-03T10:00:00,Manley,15-000464
2015-11-03T10:30:00,Manley,15-000494
2015-11-03T10:30:00,Ballin,14-003114
2015-11-03T11:00:00,Manley,15-000533
2015-11-03T11:30:00,Manley,14-002606
2015-11-03T13:00:00,Ballin,14-003167
2015-11-03T15:00:00,Ballin,14-003636
2015-11-03T21:00:00,Manley,15-000303
2015-11-05T09:00:00,Ballin,14-003674
2015-11-05T09:00:00,Cyrus,14-003907
2015-11-05T10:00:00,Cyrus,14-003445
2015-11-05T10:00:00,Ballin,14-001697
2015-11-05T13:00:00,Cyrus,14-003942
2015-11-05T13:00:00,Ballin,14-003895
2015-11-05T14:00:00,Cyrus,14-003861
2015-11-06T09:00:00,Haggerty,14-003914
2015-11-06T13:00:00,Haggerty,14-003943
2015-11-06T15:00:00,Haggerty,14-003962
2015-11-09T10:00:00,Ballin,14-003543
2015-11-09T13:00:00,Ballin,14-004005
2015-11-10T09:00:00,Ballin,14-004018
2015-11-10T10:00:00,Cyrus,14-003469
2015-11-10T10:30:00,Ballin,14-003997
2015-11-10T13:00:00,Ballin,14-004127
2015-11-10T13:00:00,Cyrus,14-003537
2015-11-12T09:00:00,Cyrus,14-003504
2015-11-12T09:00:00,Cyrus,14-003625
2015-11-12T10:00:00,Cyrus,14-003626
2015-11-12T10:30:00,Cyrus,15-000561
2015-11-13T09:00:00,Haggerty,14-004003
2015-11-13T10:00:00,Haggerty,14-004011
2015-11-13T13:00:00,Haggerty,14-004021
2015-11-13T14:00:00,Haggerty,14-004023
2015-11-13T15:00:00,Haggerty,15-000095
2015-11-16T09:00:00,Haggerty,14-004092
2015-11-16T13:00:00,Haggerty,14-004034
2015-11-16T14:00:00,Haggerty,14-004046
2015-11-16T15:00:00,Haggerty,14-004053
2015-11-17T09:00:00,Ballin,15-000130
2015-11-17T13:00:00,Ballin,14-003685
2015-11-18T09:00:00,Cyrus,14-002518
2015-11-18T09:00:00,Haggerty,14-003751
2015-11-18T10:30:00,Haggerty,14-004135
2015-11-18T13:00:00,Haggerty,14-004184
2015-11-18T14:30:00,Cyrus,14-004068
2015-11-19T09:00:00,Ballin,14-004134
2015-11-19T09:00:00,Cyrus,14-004215
2015-11-19T10:00:00,Ballin,14-004186
2015-11-19T15:00:00,Cyrus,14-004201
2015-11-20T09:00:00,Haggerty,14-001594
2015-11-23T09:00:00,Ballin,14-004257
2015-11-23T09:00:00,Haggerty,14-004233
2015-11-23T10:00:00,Ballin,14-004223
2015-11-23T10:30:00,Haggerty,14-004234
2015-11-23T13:00:00,Haggerty,14-004236
2015-11-23T15:00:00,Ballin,14-004206
2015-11-24T09:00:00,Cyrus,14-004349
2015-11-24T10:00:00,Cyrus,14-004359
2015-11-24T13:00:00,Ballin,14-004291
2015-11-24T13:00:00,Cyrus,14-001969
2015-11-24T14:00:00,Ballin,14-004339
2015-12-01T09:00:00,Cyrus,14-003724
2015-12-01T13:00:00,Cyrus,14-003747
2015-12-02T09:00:00,Haggerty,14-004079
2015-12-02T10:00:00,Haggerty,14-003376
2015-12-02T13:00:00,Cyrus,14-001564
2015-12-02T13:00:00,Haggerty,14-002605
2015-12-02T14:00:00,Cyrus,14-003627
2015-12-03T09:00:00,Manley,14-004183
2015-12-03T09:00:00,Ballin,14-003184
2015-12-03T09:00:00,,14-004129
2015-12-03T09:00:00,Cyrus,14-003499
2015-12-03T09:00:00,Cyrus,15-000180
2015-12-03T09:00:00,Cyrus,15-000319
2015-12-03T09:00:00,Cyrus,15-000339
2015-12-03T09:00:00,Cyrus,15-001099
2015-12-03T10:00:00,Ballin,14-003274
2015-12-03T11:00:00,Manley,14-000815
2015-12-03T14:00:00,Ballin,14-004087
2015-12-04T09:30:00,Haggerty,14-001099
2015-12-07T09:00:00,Haggerty,14-002162
2015-12-07T10:00:00,Ballin,14-003174
2015-12-07T10:00:00,Haggerty,14-002508
2015-12-07T15:00:00,Ballin,14-004304
2015-12-07T15:00:00,Ballin,15-000053
2015-12-08T09:00:00,Ballin,14-001842
2015-12-08T09:00:00,Cyrus,15-000034
2015-12-08T10:30:00,Cyrus,14-004263
2015-12-08T13:00:00,Ballin,14-002081
2015-12-08T13:00:00,Ballin,14-002681
2015-12-09T09:00:00,Manley,14-004164
2015-12-09T09:00:00,Haggerty,14-002522
2015-12-09T10:00:00,Cyrus,14-001117
2015-12-09T10:30:00,Manley,14-004035
2015-12-09T13:00:00,Cyrus,14-003007
2015-12-10T09:00:00,Ballin,15-000040
2015-12-10T14:00:00,Ballin,14-003991
2015-12-10T14:00:00,Cyrus,14-003663
2015-12-11T10:00:00,Cyrus,14-003508
2015-12-11T15:00:00,Haggerty,15-000139
2015-12-14T13:00:00,Ballin,14-003106
2015-12-14T13:00:00,Haggerty,14-003194
2015-12-14T13:00:00,Haggerty,14-003473
2015-12-14T13:00:00,Haggerty,14-003624
2015-12-14T13:00:00,Haggerty,14-004146
2015-12-15T09:30:00,Cyrus,14-001616
2015-12-15T11:00:00,Manley,14-004194
2015-12-15T13:00:00,Cyrus,14-003046
2015-12-16T09:00:00,Manley,15-000024
2015-12-16T09:00:00,Haggerty,14-002059
2015-12-16T10:00:00,Manley,15-000047
2015-12-16T11:00:00,Manley,14-003742
2015-12-17T09:00:00,Ballin,14-004173
2015-12-17T09:00:00,Cyrus,14-000584
2015-12-17T09:30:00,Manley,15-000854
2015-12-17T10:00:00,Manley,15-001000
2015-12-17T10:00:00,Ballin,14-004075
2015-12-17T10:30:00,Manley,15-001107
2015-12-17T11:00:00,Manley,15-001192
2015-12-17T13:00:00,Ballin,14-004083
2015-12-17T13:00:00,Cyrus,14-004346
2015-12-21T09:00:00,Cyrus,15-000033
2015-12-21T09:00:00,Cyrus,15-000019
2015-12-21T09:00:00,Ballin,14-000875
2015-12-21T09:00:00,Ballin,14-001364
2015-12-21T09:00:00,Ballin,14-002134
2015-12-21T09:00:00,Ballin,14-002913
2015-12-21T14:30:00,Ballin,15-000014
2015-12-22T10:00:00,Ballin,15-000026
2015-12-22T13:00:00,Cyrus,14-002903
2015-12-23T13:00:00,Ballin,14-003844
2016-01-04T09:00:00,Haggerty,15-000108
2016-01-04T10:30:00,Haggerty,15-000105
2016-01-05T09:00:00,Manley,14-001382
2016-01-05T09:30:00,Manley,15-000742
2016-01-05T10:00:00,Manley,15-001500
2016-01-05T10:30:00,Ballin,15-000100
2016-01-05T10:30:00,Cyrus,15-000132
2016-01-05T15:00:00,Ballin,15-000126
2016-01-06T09:00:00,Manley,15-001245
2016-01-06T09:00:00,Haggerty,15-000109
2016-01-06T09:30:00,Manley,15-001026
2016-01-06T10:00:00,Manley,15-002100
2016-01-06T10:30:00,Cyrus,15-001570
2016-01-06T10:30:00,Haggerty,15-000174
2016-01-06T13:00:00,Manley,14-001096
2016-01-06T13:00:00,Haggerty,15-000179
2016-01-06T14:00:00,Haggerty,14-000872
2016-01-06T14:00:00,Haggerty,15-000194
2016-01-06T15:00:00,Cyrus,15-000173
2016-01-06T15:00:00,Haggerty,15-000243
2016-01-07T10:30:00,Ballin,15-000257
2016-01-07T10:30:00,Cyrus,15-000267
2016-01-07T11:00:00,Manley,15-001405
2016-01-07T15:00:00,Ballin,15-000320
2016-01-07T15:00:00,Cyrus,15-000329
2016-01-08T09:00:00,Haggerty,15-000177
2016-01-08T10:30:00,Haggerty,15-000350
2016-01-08T14:00:00,Haggerty,15-000355
2016-01-08T15:00:00,Haggerty,15-000358
2016-01-12T09:00:00,Ballin,15-000610
2016-01-12T09:00:00,Haggerty,15-000850
2016-01-12T09:00:00,Manley,15-000945
2016-01-12T09:00:00,Cyrus,14-000873
2016-01-12T09:30:00,Haggerty,15-000894
2016-01-12T09:30:00,Manley,15-000963
2016-01-12T09:30:00,Ballin,15-000666
2016-01-12T10:00:00,Haggerty,15-000920
2016-01-12T10:00:00,Manley,15-001033
2016-01-12T10:30:00,Ballin,15-000714
2016-01-12T10:30:00,Haggerty,15-000923
2016-01-12T11:00:00,Haggerty,15-000929
2016-01-12T11:00:00,Manley,15-001056
2016-01-12T13:00:00,Cyrus,15-000265
2016-01-12T14:30:00,Cyrus,15-000266
2016-01-13T09:00:00,Ballin,15-001074
2016-01-13T09:00:00,Manley,15-001362
2016-01-13T09:00:00,Manley,15-001381
2016-01-13T09:30:00,Ballin,15-001172
2016-01-13T10:00:00,Ballin,15-000445
2016-01-13T10:00:00,Manley,15-001423
2016-01-13T10:30:00,Manley,15-001450
2016-01-13T11:00:00,Ballin,15-001269
2016-01-13T13:00:00,Cyrus,15-000279
2016-01-13T14:30:00,Cyrus,15-000281
2016-01-14T10:00:00,Ballin,15-001552
2016-01-14T10:30:00,Manley,15-001955
2016-01-14T11:00:00,Haggerty,15-001774
2016-01-14T11:00:00,Manley,15-000426
2016-01-19T09:00:00,Manley,15-001092
2016-01-19T09:00:00,Ballin,15-000289
2016-01-19T09:30:00,Manley,14-000522
2016-01-19T10:30:00,Manley,14-000822
2016-01-19T11:00:00,Manley,15-000732
2016-01-19T13:00:00,Ballin,15-000184
2016-01-20T09:00:00,Manley,14-003934
2016-01-20T09:30:00,Manley,15-000386
2016-01-20T10:00:00,Manley,15-000237
2016-01-20T10:30:00,Manley,15-000167
2016-01-20T10:30:00,Haggerty,15-000436
2016-01-20T11:00:00,Manley,15-002035
2016-01-20T15:00:00,Haggerty,15-000397
2016-01-21T09:00:00,Manley,15-002040
2016-01-21T09:00:00,Cyrus,14-002169
2016-01-21T09:30:00,Manley,15-000118
2016-01-21T10:00:00,Manley,15-001949
2016-01-21T10:30:00,Manley,15-000107
2016-01-21T13:00:00,Cyrus,14-003827
2016-01-26T09:00:00,Cyrus,14-002068
2016-01-26T09:00:00,Manley,14-003355
2016-01-26T09:00:00,Haggerty,15-000484
2016-01-26T10:00:00,Cyrus,14-003038
2016-01-26T10:30:00,Ballin,14-000431
2016-01-26T10:30:00,Cyrus,14-003178
2016-01-26T10:30:00,Haggerty,14-003361
2016-01-26T10:30:00,Manley,14-004358
2016-01-26T11:00:00,Cyrus,14-003205
2016-01-26T11:00:00,Haggerty,14-003714
2016-01-26T11:00:00,Manley,14-003532
2016-01-27T09:00:00,Ballin,14-003556
2016-01-27T09:00:00,Haggerty,14-004242
2016-01-27T09:00:00,Manley,14-004219
2016-01-27T09:30:00,Ballin,14-003591
2016-01-27T09:30:00,Haggerty,14-004255
2016-01-27T09:30:00,Manley,15-002600
2016-01-27T10:00:00,Haggerty,14-004258
2016-01-27T10:00:00,Manley,15-002179
2016-01-27T10:30:00,Ballin,14-003825
2016-01-27T10:30:00,Haggerty,14-004271
2016-01-27T11:00:00,Haggerty,14-004305
2016-01-27T11:00:00,Manley,15-000017
2016-01-27T12:30:00,Manley,14-004356
2016-01-28T09:00:00,Cyrus,15-000054
2016-01-28T09:00:00,Haggerty,15-000550
2016-01-28T09:00:00,Manley,15-000585
2016-01-28T09:30:00,Ballin,15-000193
2016-01-28T09:30:00,Cyrus,15-000454
2016-01-28T09:30:00,Haggerty,15-000555
2016-01-28T10:00:00,Manley,15-000596
2016-01-28T10:30:00,Ballin,15-000286
2016-01-28T10:30:00,Manley,15-000586
2016-01-28T10:30:00,Haggerty,15-002057
2016-01-28T11:00:00,Ballin,15-000535
2016-02-01T09:00:00,Cyrus,14-004279
2016-02-01T10:00:00,Ballin,15-001403
2016-02-02T10:00:00,Manley,14-001988
2016-02-02T10:30:00,Ballin,14-003250
2016-02-02T10:30:00,Cyrus,15-002055
2016-02-03T09:00:00,Haggerty,14-001054
2016-02-03T09:00:00,Manley,15-000263
2016-02-03T09:00:00,Manley,15-000264
2016-02-03T09:00:00,Manley,15-000273
2016-02-03T09:00:00,Manley,15-000274
2016-02-03T09:00:00,Manley,15-000283
2016-02-03T09:00:00,Manley,15-000284
2016-02-03T09:00:00,Manley,15-000293
2016-02-03T09:00:00,Manley,15-000294
2016-02-03T09:00:00,Manley,15-001144
2016-02-03T13:00:00,Cyrus,14-002127
2016-02-03T14:00:00,Haggerty,14-003752
2016-02-04T09:00:00,Cyrus,15-000170
2016-02-04T10:00:00,Cyrus,14-004185
2016-02-04T13:00:00,Cyrus,14-003472
2016-02-04T14:00:00,Cyrus,14-000502
2016-02-05T10:00:00,Haggerty,14-004253
2016-02-05T13:00:00,Haggerty,14-003552
2016-02-08T09:00:00,Ballin,14-003812
2016-02-08T09:00:00,Haggerty,14-002924
2016-02-08T10:00:00,Ballin,14-003986
2016-02-08T10:00:00,Haggerty,14-000332
2016-02-08T13:00:00,Ballin,14-003848
2016-02-08T13:00:00,Manley,14-003977
2016-02-08T14:00:00,Ballin,14-003578
2016-02-09T13:00:00,Ballin,14-003888
2016-02-09T13:00:00,Cyrus,14-001428
2016-02-09T14:30:00,Ballin,15-000044
2016-02-09T14:30:00,Cyrus,14-004231
2016-02-10T09:00:00,Cyrus,15-000102
2016-02-10T09:00:00,Haggerty,15-000083
2016-02-10T10:00:00,Haggerty,15-000352
2016-02-10T13:00:00,Cyrus,14-003993
2016-02-10T13:00:00,Haggerty,14-004287
2016-02-10T14:00:00,Cyrus,14-003933
2016-02-10T14:00:00,Haggerty,15-000122
2016-02-10T15:00:00,Haggerty,15-000151
2016-02-11T09:00:00,Manley,14-004103
2016-02-16T13:00:00,Ballin,14-002042
2016-02-17T09:00:00,Cyrus,15-000340
2016-02-17T09:00:00,Cyrus,15-000849
2016-02-17T10:00:00,Cyrus,15-000155
2016-02-17T13:00:00,Manley,14-000163
2016-02-17T14:00:00,Haggerty,15-000249
2016-02-17T15:00:00,Cyrus,15-000160
2016-02-18T09:00:00,Manley,14-001608
2016-02-18T09:30:00,Manley,14-001658
2016-02-18T10:00:00,Manley,14-001958
2016-02-18T10:45:00,Manley,15-000507
2016-02-18T13:00:00,Ballin,15-000382
2016-02-19T09:00:00,Haggerty,14-004140
2016-02-22T09:00:00,Haggerty,15-000529
2016-02-22T10:30:00,Ballin,15-000526
2016-02-22T13:00:00,Ballin,15-000459
2016-02-22T14:00:00,Ballin,15-000190
2016-02-23T09:00:00,Manley,14-002357
2016-02-23T09:00:00,Ballin,15-000420
2016-02-23T09:00:00,Cyrus,14-003727
2016-02-23T10:00:00,Manley,14-003102
2016-02-23T13:00:00,Ballin,15-000197
2016-02-23T13:00:00,Cyrus,15-001513
2016-02-23T15:00:00,Ballin,15-000549
2016-02-24T09:00:00,Manley,15-000853
2016-02-24T09:00:00,Manley,15-001163
2016-02-24T09:00:00,Manley,15-001164
2016-02-24T09:00:00,Manley,15-001263
2016-02-24T09:00:00,Manley,15-001264
2016-02-24T09:00:00,Manley,15-001503
2016-02-24T09:00:00,Manley,15-001913
2016-02-24T09:00:00,Manley,15-001943
2016-02-24T09:00:00,Manley,15-001944
2016-02-24T09:00:00,Manley,15-002104
2016-02-24T09:00:00,Manley,15-002183
2016-02-24T15:00:00,Cyrus,15-000569
2016-02-25T09:00:00,Manley,14-003237
2016-02-25T09:00:00,Ballin,15-000595
2016-02-25T10:00:00,Ballin,15-000607
2016-02-25T10:30:00,Manley,14-003397
2016-02-25T10:30:00,Cyrus,15-000597
2016-02-25T11:00:00,Manley,14-004142
2016-02-25T13:00:00,Cyrus,15-000388
2016-02-25T15:00:00,Ballin,15-000600
2016-02-26T09:00:00,Haggerty,15-000625
2016-02-26T10:00:00,Haggerty,15-000487
2016-02-29T09:00:00,Ballin,15-000580
2016-02-29T10:00:00,Ballin,15-000435
2016-03-01T09:00:00,Cyrus,15-000778
2016-03-01T09:00:00,Manley,15-000015
2016-03-01T09:00:00,Ballin,15-000011
2016-03-01T10:00:00,Cyrus,14-000361
2016-03-01T10:30:00,Cyrus,14-002738
2016-03-01T13:00:00,Cyrus,14-002540
2016-03-01T14:00:00,Cyrus,14-004024
2016-03-02T09:00:00,Cyrus,15-000236
2016-03-02T10:00:00,Cyrus,14-003865
2016-03-02T10:30:00,Haggerty,15-000627
2016-03-02T13:00:00,Cyrus,15-001973
2016-03-02T13:00:00,Haggerty,15-000416
2016-03-02T13:45:00,Cyrus,15-002234
2016-03-02T15:00:00,Cyrus,14-002972
2016-03-03T09:00:00,Cyrus,15-000619
2016-03-03T09:30:00,Manley,15-000548
2016-03-03T10:00:00,Manley,15-000566
2016-03-03T10:30:00,Manley,15-000598
2016-03-03T11:00:00,Manley,15-000629
2016-03-03T13:00:00,Cyrus,15-000563
2016-03-03T14:30:00,Cyrus,15-001044
2016-03-04T10:30:00,Haggerty,15-000628
2016-03-04T13:00:00,Haggerty,15-000608
2016-03-08T09:00:00,Manley,14-003465
2016-03-08T09:00:00,Cyrus,14-002817
2016-03-08T09:00:00,Cyrus,14-003087
2016-03-08T09:00:00,Cyrus,14-003098
2016-03-08T09:00:00,Cyrus,14-003168
2016-03-08T09:00:00,Cyrus,14-003177
2016-03-08T09:00:00,Cyrus,14-003507
2016-03-08T09:00:00,Cyrus,15-000557
2016-03-08T09:00:00,Cyrus,15-001127
2016-03-08T10:00:00,Manley,15-000098
2016-03-08T10:30:00,Manley,15-000146
2016-03-08T11:00:00,Manley,15-000185
2016-03-10T09:00:00,Ballin,15-000018
2016-03-10T10:30:00,Ballin,14-003736
2016-03-10T13:00:00,Ballin,15-000650
2016-03-10T14:00:00,Ballin,15-000399
2016-03-21T09:00:00,Ballin,15-001254
2016-03-21T09:00:00,Cyrus,15-000317
2016-03-21T13:00:00,Ballin,14-001046
2016-03-21T15:00:00,Ballin,14-004145
2016-03-22T09:00:00,Cyrus,14-001974
2016-03-22T09:00:00,Ballin,14-001671
2016-03-22T09:30:00,Manley,15-000188
2016-03-22T10:30:00,Manley,15-000740
2016-03-22T11:00:00,Manley,15-000852
2016-03-22T13:00:00,Ballin,14-000017
2016-03-22T15:00:00,Ballin,14-003509
2016-03-23T09:00:00,Haggerty,15-000675
2016-03-23T09:00:00,Cyrus,15-000133
2016-03-23T10:30:00,Haggerty,15-000685
2016-03-23T13:00:00,Cyrus,15-000660
2016-03-23T14:00:00,Cyrus,15-000672
2016-03-23T14:00:00,Haggerty,15-000729
2016-03-23T15:00:00,Ballin,15-000577
2016-03-23T15:00:00,Haggerty,15-000756
2016-03-24T09:00:00,Manley,15-000878
2016-03-24T09:00:00,Ballin,15-000741
2016-03-24T09:30:00,Manley,15-000956
2016-03-24T10:30:00,Ballin,15-000759
2016-03-24T13:00:00,Ballin,15-001446
2016-03-24T14:00:00,Ballin,15-000684
2016-03-24T14:30:00,Cyrus,15-000808
2016-03-28T09:00:00,Haggerty,15-000846
2016-03-28T10:30:00,Ballin,15-000786
2016-03-28T10:30:00,Haggerty,15-000795
2016-03-28T13:00:00,Ballin,15-000452
2016-03-28T15:00:00,Ballin,15-000780
2016-03-29T09:00:00,Manley,15-001184
2016-03-29T09:00:00,Cyrus,14-001563
2016-03-29T10:00:00,Manley,15-001594
2016-03-29T10:00:00,Cyrus,14-004155
2016-03-29T10:00:00,Ballin,15-000875
2016-03-29T11:00:00,Manley,15-001315
2016-03-29T14:30:00,Cyrus,15-000493
2016-03-29T15:00:00,Ballin,15-000760
2016-03-30T09:00:00,Manley,15-001418
2016-03-30T09:00:00,Cyrus,15-000833
2016-03-30T09:00:00,Haggerty,14-002907
2016-03-30T10:00:00,Manley,15-001486
2016-03-30T10:00:00,Haggerty,15-000848
2016-03-30T13:00:00,Cyrus,15-000482
2016-03-30T13:00:00,Haggerty,15-000643
2016-03-30T15:00:00,Cyrus,15-000832
2016-03-30T15:00:00,Haggerty,15-000812
2016-03-31T09:00:00,Manley,15-001605
2016-03-31T09:00:00,Ballin,15-000883
2016-03-31T09:30:00,Manley,15-001665
2016-03-31T10:00:00,Manley,15-000250
2016-03-31T10:00:00,Ballin,15-000886
2016-03-31T10:00:00,Cyrus,15-000941
2016-03-31T10:30:00,Manley,15-001755
2016-03-31T13:00:00,Ballin,15-000681
2016-03-31T13:00:00,Cyrus,15-000654
2016-03-31T13:00:00,Manley,15-000885
2016-03-31T15:00:00,Ballin,15-000979
2016-03-31T15:00:00,Cyrus,15-000970
2016-04-01T09:00:00,Haggerty,14-003892
2016-04-01T13:00:00,Haggerty,15-000911
2016-04-05T09:00:00,Manley,14-001788
2016-04-05T09:00:00,Ballin,14-004116
2016-04-05T09:00:00,Cyrus,14-003721
2016-04-05T09:30:00,Manley,14-004080
2016-04-05T10:30:00,Cyrus,14-004056
2016-04-05T11:00:00,Manley,15-001766
2016-04-05T13:00:00,Haggerty,14-004196
2016-04-05T13:00:00,Haggerty,15-000957
2016-04-05T13:00:00,Ballin,14-003842
2016-04-05T13:00:00,Ballin,15-001442
2016-04-05T13:00:00,Cyrus,15-000465
2016-04-05T13:00:00,Cyrus,15-000466
2016-04-05T13:00:00,Cyrus,15-000755
2016-04-05T15:00:00,Haggerty,15-000984
2016-04-06T09:00:00,Manley,14-003016
2016-04-06T09:00:00,Haggerty,15-000728
2016-04-06T09:30:00,Manley,14-002893
2016-04-06T10:00:00,Manley,15-000564
2016-04-06T10:30:00,Manley,14-004120
2016-04-06T11:00:00,Manley,15-000029
2016-04-06T13:00:00,Haggerty,15-000988
2016-04-06T13:00:00,Cyrus,15-000315
2016-04-07T09:00:00,Ballin,15-000991
2016-04-07T09:00:00,Haggerty,15-001012
2016-04-07T10:00:00,Cyrus,15-001013
2016-04-07T10:30:00,Ballin,15-001004
2016-04-07T10:30:00,Haggerty,15-001008
2016-04-07T13:00:00,Cyrus,15-000762
2016-04-12T09:00:00,Manley,14-002987
2016-04-12T09:00:00,Haggerty,15-001009
2016-04-12T09:00:00,Ballin,15-001047
2016-04-12T09:30:00,Manley,14-002988
2016-04-12T10:00:00,Manley,15-001522
2016-04-12T10:00:00,Haggerty,15-000836
2016-04-12T10:30:00,Manley,14-002512
2016-04-12T10:30:00,Ballin,15-001014
2016-04-12T13:00:00,Manley,14-003477
2016-04-12T13:00:00,Ballin,15-001070
2016-04-12T14:00:00,Haggerty,15-001083
2016-04-12T14:30:00,Ballin,15-001082
2016-04-13T09:00:00,Ballin,15-001088
2016-04-13T09:00:00,Haggerty,15-000763
2016-04-13T13:00:00,Haggerty,15-001085
2016-04-14T09:00:00,Manley,15-000198
2016-04-14T09:00:00,Haggerty,15-001084
2016-04-14T09:00:00,Ballin,15-001094
2016-04-14T10:00:00,Manley,15-001815
2016-04-14T10:30:00,Ballin,15-001110
2016-04-14T11:00:00,Manley,15-001954
2016-04-14T13:00:00,Ballin,15-001124
2016-04-14T13:00:00,Haggerty,15-001182
2016-04-14T13:30:00,Manley,14-001798
2016-04-14T14:00:00,Ballin,15-001129
2016-04-14T14:00:00,Haggerty,15-001202
2016-04-14T15:00:00,Ballin,15-001130
2016-04-19T09:00:00,Haggerty,15-001240
2016-04-19T09:00:00,Ballin,15-000593
2016-04-19T09:00:00,Ballin,15-000594
2016-04-19T09:00:00,Ballin,15-000603
2016-04-19T09:00:00,Ballin,15-000604
2016-04-19T09:00:00,Ballin,15-000613
2016-04-19T09:00:00,Ballin,15-000614
2016-04-19T09:00:00,Ballin,15-000623
2016-04-19T09:00:00,Ballin,15-000664
2016-04-19T09:00:00,Ballin,15-000673
2016-04-19T09:00:00,Ballin,15-000674
2016-04-19T10:00:00,Manley,15-001952
2016-04-19T10:30:00,Manley,15-001986
2016-04-19T13:00:00,Manley,15-001865
2016-04-19T13:00:00,Haggerty,15-000972
2016-04-19T15:00:00,Haggerty,15-000948
2016-04-20T09:00:00,Ballin,15-001268
2016-04-20T10:00:00,Ballin,15-001197
2016-04-20T13:00:00,Haggerty,15-001226
2016-04-20T14:30:00,Ballin,15-001231
2016-04-21T09:00:00,Ballin,15-001255
2016-04-21T09:00:00,Haggerty,15-000884
2016-04-21T09:30:00,Manley,15-002036
2016-04-21T10:00:00,Ballin,15-001260
2016-04-21T10:30:00,Manley,15-002025
2016-04-21T13:00:00,Haggerty,15-001301
2016-04-21T14:00:00,Ballin,15-001276
2016-04-21T14:00:00,Haggerty,15-001310
2016-04-21T15:00:00,Ballin,15-001278
2016-04-26T09:00:00,Ballin,15-001337
2016-04-26T09:00:00,Cyrus,15-000973
2016-04-26T09:00:00,Cyrus,15-000974
2016-04-26T09:30:00,Manley,15-002205
2016-04-26T10:00:00,Manley,15-002276
2016-04-26T10:00:00,Manley,15-002405
2016-04-26T10:00:00,Ballin,15-001252
2016-04-26T10:30:00,Cyrus,15-002424
2016-04-26T10:30:00,Manley,15-002293
2016-04-26T10:30:00,Haggerty,15-001387
2016-04-26T11:00:00,Manley,15-002323
2016-04-26T11:00:00,Manley,15-002430
2016-04-26T13:00:00,Ballin,15-000978
2016-04-26T13:00:00,Cyrus,15-000864
2016-04-26T13:00:00,Haggerty,15-001174
2016-04-26T15:00:00,Haggerty,15-001379
2016-04-26T15:00:00,Haggerty,15-001404
2016-04-27T09:00:00,Manley,15-002340
2016-04-27T09:00:00,Ballin,15-001422
2016-04-27T09:00:00,Haggerty,15-001138
2016-04-27T10:00:00,Cyrus,15-001121
2016-04-27T10:30:00,Haggerty,15-001458
2016-04-27T13:00:00,Ballin,15-001439
2016-04-27T13:00:00,Cyrus,15-001234
2016-04-27T14:00:00,Ballin,15-001218
2016-04-28T09:00:00,Manley,15-002433
2016-04-28T09:00:00,Cyrus,14-003110
2016-04-28T09:00:00,Haggerty,15-001194
2016-04-28T09:00:00,Ballin,15-000751
2016-04-28T09:30:00,Manley,15-002444
2016-04-28T10:00:00,Manley,15-002463
2016-04-28T10:30:00,Manley,15-002465
2016-04-28T10:30:00,Ballin,14-004112
2016-04-28T13:00:00,Haggerty,15-001261
2016-04-28T14:30:00,Haggerty,15-001308
2016-05-03T09:00:00,Manley,15-002513
2016-05-03T09:00:00,Ballin,14-003725
2016-05-03T09:00:00,Haggerty,14-004363
2016-05-03T09:30:00,Manley,15-002543
2016-05-03T10:00:00,Manley,15-002565
2016-05-03T10:30:00,Haggerty,15-002580
2016-05-03T10:30:00,Manley,14-003331
2016-05-03T11:00:00,Haggerty,15-002656
2016-05-03T13:00:00,Ballin,15-000560
2016-05-03T13:00:00,Haggerty,14-001939
2016-05-03T13:00:00,Cyrus,15-000722
2016-05-03T14:00:00,Cyrus,15-000633
2016-05-04T09:00:00,Manley,15-002880
2016-05-04T09:00:00,Ballin,15-000805
2016-05-04T09:00:00,Cyrus,15-000199
2016-05-04T10:00:00,Ballin,14-003358
2016-05-04T10:00:00,Manley,14-004355
2016-05-04T14:00:00,Cyrus,14-003305
2016-05-04T14:00:00,Haggerty,14-003285
2016-05-04T15:00:00,Cyrus,14-001170
2016-05-05T09:00:00,Ballin,14-003885
2016-05-05T13:00:00,Ballin,15-002285
2016-05-05T13:00:00,Ballin,15-002345
2016-05-05T13:00:00,Ballin,15-002666
2016-05-05T13:00:00,Cyrus,15-000127
2016-05-10T09:00:00,Haggerty,15-000068
2016-05-10T10:00:00,Ballin,14-003158
2016-05-10T10:30:00,Haggerty,15-000055
2016-05-10T13:00:00,Ballin,15-000056
2016-05-10T14:00:00,Ballin,14-003554
2016-05-11T09:00:00,Haggerty,15-001028
2016-05-11T09:00:00,Manley,15-001312
2016-05-11T09:00:00,Cyrus,15-000599
2016-05-11T10:30:00,Haggerty,15-001470
2016-05-11T10:30:00,Ballin,14-002031
2016-05-11T13:00:00,Ballin,15-000111
2016-05-11T13:00:00,Cyrus,15-001309
2016-05-11T14:00:00,Ballin,15-000196
2016-05-11T14:00:00,Cyrus,15-001382
2016-05-11T14:00:00,Haggerty,15-001511
2016-05-11T15:00:00,Ballin,15-001510
2016-05-11T15:00:00,Cyrus,15-001402
2016-05-11T15:00:00,Haggerty,15-000872
2016-05-12T09:30:00,Manley,15-000733
2016-05-12T09:30:00,Manley,15-001333
2016-05-12T13:00:00,Haggerty,15-001010
2016-05-12T14:30:00,Haggerty,15-001020
2016-05-17T09:00:00,Cyrus,15-001131
2016-05-17T09:00:00,Haggerty,15-001413
2016-05-17T09:00:00,Manley,15-001343
2016-05-17T09:00:00,Ballin,15-001136
2016-05-17T09:00:00,Ballin,15-001165
2016-05-17T09:00:00,Ballin,15-001425
2016-05-17T09:00:00,Ballin,15-001525
2016-05-17T09:00:00,Ballin,15-001796
2016-05-17T10:30:00,Cyrus,15-001512
2016-05-17T13:00:00,Haggerty,14-004077
2016-05-18T09:00:00,Ballin,15-001277
2016-05-18T09:00:00,Cyrus,15-001279
2016-05-18T09:00:00,Manley,15-001349
2016-05-18T09:00:00,Haggerty,15-000924
2016-05-18T09:00:00,Haggerty,15-001843
2016-05-18T09:00:00,Haggerty,15-001844
2016-05-18T09:00:00,Haggerty,15-001853
2016-05-18T10:30:00,Ballin,15-001517
2016-05-18T13:00:00,Ballin,15-001176
2016-05-18T13:00:00,Cyrus,15-001205
2016-05-18T15:00:00,Ballin,15-001528
2016-05-18T15:00:00,Cyrus,15-001538
2016-05-24T09:00:00,Cyrus,15-001311
2016-05-24T09:00:00,Manley,15-001373
2016-05-24T09:00:00,Ballin,15-000955
2016-05-24T10:30:00,Manley,15-001637
2016-05-24T13:00:00,Ballin,15-001345
2016-05-24T13:00:00,Cyrus,15-001158
2016-05-24T14:30:00,Ballin,15-001334
2016-05-25T09:00:00,Ballin,15-000809
2016-05-25T09:00:00,Cyrus,14-001289
2016-05-25T10:30:00,Manley,15-001551
2016-05-25T13:00:00,Ballin,15-000253
2016-05-25T15:00:00,Ballin,15-000471
2016-05-26T09:00:00,Cyrus,15-001449
2016-05-26T09:00:00,Haggerty,15-001360
2016-05-26T10:00:00,Ballin,14-000251
2016-05-26T10:30:00,Haggerty,15-001585
2016-05-26T13:00:00,Ballin,15-000949
2016-05-26T13:00:00,Haggerty,15-001366
2016-05-26T14:00:00,Ballin,15-000940
2016-05-26T14:30:00,Haggerty,15-001383
2016-05-26T15:00:00,Ballin,15-000950
2016-05-31T09:00:00,Cyrus,15-001481
2016-05-31T09:00:00,Haggerty,15-001385
2016-05-31T10:30:00,Cyrus,15-001701
2016-05-31T10:30:00,Haggerty,15-001584
2016-05-31T13:00:00,Haggerty,15-001583
2016-05-31T14:00:00,Haggerty,15-001604
2016-06-01T09:00:00,Ballin,15-000822
2016-06-01T10:30:00,Cyrus,15-000771
2016-06-01T13:00:00,Ballin,15-001053
2016-06-01T13:00:00,Cyrus,15-000678
2016-06-01T13:00:00,Haggerty,15-001244
2016-06-01T13:00:00,Haggerty,15-001574
2016-06-01T14:30:00,Ballin,15-002229
2016-06-01T14:30:00,Cyrus,15-001496
2016-06-01T15:00:00,Ballin,15-000718
2016-06-01T16:00:00,Cyrus,16-000134
2016-06-02T09:00:00,Cyrus,15-000657
2016-06-02T09:00:00,Haggerty,15-000727
2016-06-02T09:00:00,Ballin,15-000647
2016-06-02T10:00:00,Cyrus,15-001869
2016-06-02T13:00:00,Ballin,14-003137
2016-06-07T09:00:00,Cyrus,15-000825
2016-06-07T09:00:00,Haggerty,15-000944
2016-06-07T09:00:00,Ballin,15-003990
2016-06-07T09:00:00,Manley,15-000336
2016-06-07T10:30:00,Ballin,15-001017
2016-06-07T13:00:00,Ballin,14-003859
2016-06-07T13:00:00,Cyrus,15-001235
2016-06-07T14:30:00,Ballin,15-000522
2016-06-08T09:00:00,Ballin,15-001498
2016-06-08T09:00:00,Cyrus,14-001794
2016-06-08T09:00:00,Haggerty,15-000461
2016-06-08T10:30:00,Ballin,15-001666
2016-06-08T13:00:00,Haggerty,15-001515
2016-06-08T13:00:00,Cyrus,15-000584
2016-06-08T14:30:00,Ballin,15-001660
2016-06-08T14:30:00,Haggerty,15-001557
2016-06-09T09:00:00,Ballin,15-001742
2016-06-09T09:00:00,Haggerty,15-001577
2016-06-09T10:25:00,Haggerty,15-001676
2016-06-09T10:30:00,Ballin,15-001770
2016-06-09T13:00:00,Haggerty,15-001683
2016-06-09T14:00:00,Ballin,15-001779
2016-06-09T15:00:00,Cyrus,15-001750
2016-06-14T09:00:00,Ballin,15-001587
2016-06-14T09:00:00,Cyrus,14-003000
2016-06-14T09:00:00,Cyrus,14-003010
2016-06-14T09:00:00,Cyrus,14-003210
2016-06-14T09:00:00,Cyrus,14-003389
2016-06-14T10:30:00,Ballin,15-001624
2016-06-14T13:00:00,Ballin,15-001625
2016-06-14T14:30:00,Ballin,15-001629
2016-06-15T09:00:00,Ballin,14-003119
2016-06-15T09:00:00,Haggerty,15-001632
2016-06-15T10:00:00,Ballin,15-001633
2016-06-15T10:30:00,Haggerty,15-001818
2016-06-15T13:00:00,Ballin,15-001667
2016-06-15T13:00:00,Haggerty,15-001644
2016-06-16T09:00:00,Cyrus,15-001854
2016-06-16T09:00:00,Haggerty,15-001726
2016-06-16T10:00:00,Ballin,15-001690
2016-06-16T10:30:00,Haggerty,15-001799
2016-06-16T13:00:00,Ballin,15-001741
2016-06-16T13:00:00,Haggerty,15-001710
2016-06-16T13:00:00,Haggerty,15-001824
2016-06-16T13:00:00,Cyrus,15-000183
2016-06-28T09:00:00,Cyrus,14-001673
2016-06-28T09:00:00,Cyrus,14-001683
2016-06-28T09:00:00,Haggerty,15-002342
2016-06-28T10:00:00,Ballin,15-001232
2016-06-28T10:00:00,Haggerty,15-001025
2016-06-28T13:00:00,Haggerty,15-001642
2016-06-28T13:00:00,Ballin,14-003565
2016-06-28T13:00:00,Cyrus,14-003737
2016-06-28T13:00:00,Manley,15-000641
2016-06-28T15:00:00,Manley,14-001373
2016-06-29T09:00:00,Haggerty,15-000441
2016-06-29T10:30:00,Cyrus,15-001939
2016-06-29T13:00:00,Haggerty,15-001897
2016-06-29T13:00:00,Cyrus,15-001159
2016-06-29T14:00:00,Haggerty,15-001899
2016-06-29T15:00:00,Haggerty,15-001925
2016-06-30T10:00:00,Cyrus,15-001846
2016-06-30T13:00:00,Manley,15-001960
2016-06-30T14:00:00,Cyrus,15-002014
2016-06-30T14:00:00,Haggerty,15-002027
2016-06-30T15:00:00,Cyrus,15-002044
2016-06-30T15:00:00,Haggerty,15-002039
2016-06-30T15:00:00,Manley,15-002009
2016-07-05T09:00:00,Ballin,15-001169
2016-07-05T09:00:00,Haggerty,15-001250
2016-07-05T13:00:00,Cyrus,14-004337
2016-07-05T15:00:00,Cyrus,14-003691
2016-07-05T15:00:00,Haggerty,15-001497
2016-07-06T09:00:00,Ballin,15-001177
2016-07-06T09:00:00,Haggerty,15-000661
2016-07-06T10:30:00,Ballin,14-003732
2016-07-06T10:30:00,Cyrus,15-000961
2016-07-06T13:00:00,Ballin,15-001592
2016-07-06T13:00:00,Haggerty,14-004307
2016-07-06T13:00:00,Cyrus,15-001302
2016-07-06T14:00:00,Haggerty,15-000065
2016-07-06T15:00:00,Haggerty,15-001466
2016-07-07T09:00:00,Cyrus,15-001005
2016-07-07T09:30:00,Haggerty,15-001073
2016-07-07T09:30:00,Ballin,14-001440
2016-07-07T10:00:00,Cyrus,15-000935
2016-07-07T13:00:00,Ballin,14-003872
2016-07-07T13:00:00,Haggerty,14-003846
2016-07-07T13:00:00,Cyrus,15-001052
2016-07-07T15:00:00,Haggerty,14-003891
2016-07-12T10:25:00,Ballin,14-004028
2016-07-12T10:30:00,Haggerty,14-004252
2016-07-12T13:00:00,Ballin,15-001375
2016-07-12T13:00:00,Haggerty,15-000275
2016-07-12T14:30:00,Ballin,15-001273
2016-07-12T15:00:00,Haggerty,15-000531
2016-07-13T09:00:00,Haggerty,15-000489
2016-07-13T09:00:00,Cyrus,15-002501
2016-07-13T10:00:00,Ballin,15-002265
2016-07-13T10:30:00,Haggerty,15-001220
2016-07-13T13:00:00,Ballin,16-001102
2016-07-13T13:00:00,Cyrus,14-003562
2016-07-13T13:00:00,Haggerty,15-000490
2016-07-14T09:00:00,Ballin,15-000348
2016-07-14T09:00:00,Cyrus,14-001835
2016-07-14T09:00:00,Haggerty,15-002949
2016-07-14T10:30:00,Ballin,15-001596
2016-07-14T10:30:00,Cyrus,14-002377
2016-07-14T10:30:00,Haggerty,14-004327
2016-07-14T13:00:00,Haggerty,14-004177
2016-07-14T13:00:00,Cyrus,16-000126
2016-07-14T14:00:00,Cyrus,14-001192
2016-07-14T15:00:00,Cyrus,14-003232
2016-07-19T09:00:00,Ballin,15-001560
2016-07-19T09:00:00,Cyrus,15-001429
2016-07-19T09:00:00,Manley,15-001388
2016-07-19T10:30:00,Ballin,15-001655
2016-07-19T13:00:00,Ballin,15-001105
2016-07-19T13:00:00,Cyrus,15-000922
2016-07-19T13:00:00,Cyrus,15-000967
2016-07-19T13:00:00,Haggerty,15-001101
2016-07-19T14:00:00,Ballin,14-003281
2016-07-19T14:00:00,Haggerty,15-001161
2016-07-20T09:00:00,Ballin,14-001723
2016-07-20T09:00:00,Cyrus,15-000361
2016-07-20T09:00:00,Cyrus,15-002621
2016-07-20T09:00:00,Cyrus,15-003281
2016-07-20T10:00:00,Ballin,15-001904
2016-07-20T10:30:00,Cyrus,15-001725
2016-07-20T13:00:00,Cyrus,15-001606
2016-07-20T13:00:00,Ballin,14-001197
2016-07-20T13:00:00,Cyrus,15-002301
2016-07-20T13:00:00,Cyrus,15-002431
2016-07-20T13:00:00,Cyrus,15-003242
2016-07-20T15:00:00,Ballin,14-003708
2016-07-21T09:00:00,Ballin,14-003939
2016-07-21T13:00:00,Ballin,14-003511
2016-07-21T13:00:00,Cyrus,15-001326
2016-07-21T14:00:00,Ballin,14-002761
2016-07-21T14:00:00,Cyrus,15-001335
2016-07-21T15:00:00,Ballin,15-001474
2016-07-21T15:00:00,Cyrus,15-001336
2016-07-26T09:00:00,Ballin,15-002650
2016-07-26T09:00:00,Ballin,15-003030
2016-07-26T10:30:00,Cyrus,15-001617
2016-07-26T10:30:00,Haggerty,15-001675
2016-07-26T13:00:00,Ballin,15-001066
2016-07-26T13:00:00,Haggerty,15-001872
2016-07-26T14:00:00,Ballin,15-000616
2016-07-26T15:00:00,Ballin,14-004008
2016-07-26T15:00:00,Haggerty,15-001938
2016-07-27T09:00:00,Ballin,15-002083
2016-07-27T09:00:00,Cyrus,15-001595
2016-07-27T10:00:00,Ballin,15-002019
2016-07-27T13:00:00,Cyrus,15-000639
2016-07-27T13:00:00,Haggerty,15-001607
2016-07-27T13:00:00,Ballin,15-000713
2016-07-27T14:00:00,Haggerty,15-001789
2016-07-27T14:30:00,Cyrus,15-001771
2016-07-28T09:00:00,Ballin,15-001249
2016-07-28T09:00:00,Cyrus,15-001181
2016-07-28T10:30:00,Haggerty,15-002049
2016-07-28T13:00:00,Cyrus,15-001581
2016-07-28T13:00:00,Ballin,15-001684
2016-07-28T15:00:00,Haggerty,15-001928
2016-08-09T09:00:00,Haggerty,14-000673
2016-08-09T10:30:00,Cyrus,15-001324
2016-08-09T13:00:00,Haggerty,15-002016
2016-08-09T13:00:00,Cyrus,14-002379
2016-08-09T13:00:00,Cyrus,14-002709
2016-08-09T14:00:00,Haggerty,15-002045
2016-08-09T15:00:00,Cyrus,15-000931
2016-08-09T15:00:00,Haggerty,15-002020
2016-08-10T09:00:00,Haggerty,15-000624
2016-08-10T10:00:00,Ballin,15-001922
2016-08-10T13:00:00,Ballin,15-001565
2016-08-10T13:00:00,Ballin,15-001616
2016-08-10T13:00:00,Cyrus,14-001509
2016-08-10T13:00:00,Cyrus,14-001510
2016-08-10T13:00:00,Cyrus,14-001519
2016-08-10T13:00:00,Cyrus,14-001520
2016-08-10T15:00:00,Ballin,15-002126
2016-08-10T15:00:00,Haggerty,15-002047
2016-08-11T09:00:00,Ballin,15-001188
2016-08-11T09:00:00,Haggerty,15-001098
2016-08-11T09:00:00,Cyrus,14-003601
2016-08-11T09:00:00,Cyrus,15-000142
2016-08-11T09:00:00,Cyrus,15-003983
2016-08-11T10:00:00,Ballin,15-001970
2016-08-11T10:30:00,Haggerty,15-002121
2016-08-11T13:00:00,Ballin,15-001502
2016-08-11T14:00:00,Cyrus,15-001878
2016-08-11T15:00:00,Haggerty,15-002080
2016-08-16T09:00:00,Ballin,15-001539
2016-08-16T09:00:00,Cyrus,15-001518
2016-08-16T13:00:00,Cyrus,15-001562
2016-08-16T14:00:00,Ballin,15-001576
2016-08-16T15:00:00,Cyrus,15-002217
2016-08-17T09:00:00,Ballin,15-001361
2016-08-17T10:00:00,Ballin,15-001246
2016-08-17T10:00:00,Cyrus,15-001622
2016-08-17T11:00:00,Haggerty,15-001505
2016-08-17T13:00:00,Ballin,15-001987
2016-08-17T15:00:00,Ballin,15-001855
2016-08-18T09:00:00,Cyrus,15-001540
2016-08-18T13:00:00,Ballin,14-002993
2016-08-18T14:00:00,Cyrus,15-002395
2016-08-18T15:00:00,Cyrus,15-002550
2016-08-23T10:00:00,Ballin,15-000588
2016-08-23T13:00:00,Ballin,15-002904
2016-08-23T13:00:00,Cyrus,15-002745
2016-08-23T14:00:00,Cyrus,14-003831
2016-08-23T14:30:00,Ballin,15-000827
2016-08-23T15:00:00,Cyrus,15-002757
2016-08-24T09:00:00,Ballin,15-000395
2016-08-24T09:00:00,Haggerty,15-002603
2016-08-24T10:00:00,Haggerty,15-001976
2016-08-24T13:00:00,Cyrus,15-001645
2016-08-24T13:00:00,Ballin,15-000637
2016-08-24T13:00:00,Ballin,15-001863
2016-08-24T13:00:00,Ballin,15-001873
2016-08-24T13:00:00,Ballin,15-001874
2016-08-24T13:00:00,Ballin,15-001883
2016-08-24T13:00:00,Ballin,15-001884
2016-08-24T13:00:00,Ballin,15-001893
2016-08-24T13:00:00,Ballin,15-001894
2016-08-24T13:00:00,Ballin,15-001903
2016-08-24T13:00:00,Haggerty,15-001670
2016-08-24T15:00:00,Cyrus,15-002052
2016-08-25T09:00:00,Cyrus,15-002007
2016-08-25T09:00:00,Haggerty,15-002017
2016-08-25T10:30:00,Cyrus,15-002064
2016-08-25T10:30:00,Cyrus,15-002069
2016-08-25T13:00:00,Ballin,15-002231
2016-08-25T13:00:00,Ballin,15-002604
2016-08-25T13:00:00,Cyrus,15-002162
2016-08-25T13:00:00,Haggerty,15-002623
2016-08-25T14:00:00,Ballin,15-002282
2016-08-25T14:00:00,Cyrus,15-002700
2016-08-25T15:00:00,Cyrus,15-003391
2016-08-25T15:00:00,Haggerty,15-002743
2016-08-30T09:00:00,Haggerty,15-002899
2016-08-30T09:00:00,Ballin,15-001831
2016-08-30T09:00:00,Cyrus,15-000926
2016-08-30T10:00:00,Haggerty,15-002995
2016-08-30T10:30:00,Cyrus,15-001889
2016-08-30T11:00:00,Haggerty,15-002965
2016-08-30T13:00:00,Haggerty,14-003202
2016-08-30T13:00:00,Ballin,15-002029
2016-08-30T14:30:00,Ballin,15-002033
2016-08-31T09:00:00,Cyrus,15-001685
2016-08-31T13:00:00,Haggerty,15-001988
2016-08-31T13:00:00,Cyrus,15-002331
2016-08-31T14:30:00,Cyrus,15-002511
2016-08-31T15:00:00,Haggerty,15-002178
2016-09-01T09:00:00,Cyrus,15-001709
2016-09-01T09:00:00,Cyrus,15-001963
2016-09-01T10:30:00,Cyrus,15-002210
2016-09-01T14:00:00,Haggerty,15-003066
2016-09-01T15:00:00,Haggerty,15-003074
2016-09-06T09:00:00,Cyrus,15-002028
2016-09-06T10:30:00,Cyrus,15-002113
2016-09-06T13:00:00,Cyrus,15-001582
2016-09-06T15:00:00,Cyrus,15-002122
2016-09-07T14:00:00,Ballin,15-000891
2016-09-07T15:00:00,Cyrus,15-002124
2016-09-08T10:30:00,Ballin,15-002132
2016-09-08T10:30:00,Cyrus,15-002079
2016-09-08T13:00:00,Ballin,15-002649
2016-09-08T15:00:00,Ballin,15-002143
2016-09-08T15:00:00,Cyrus,15-002150
2016-09-09,,16-123456
2016-09-13T09:00:00,Cyrus,15-002213
2016-09-13T09:00:00,Ballin,15-002053
2016-09-13T10:30:00,Ballin,15-002176
2016-09-13T13:00:00,Ballin,15-001932
2016-09-13T13:00:00,Cyrus,15-002062
2016-09-13T14:00:00,Haggerty,15-002826
2016-09-13T15:00:00,Ballin,15-002226
2016-09-13T15:00:00,Cyrus,15-002235
2016-09-13T15:00:00,Haggerty,15-002873
2016-09-14T09:00:00,Ballin,15-002252
2016-09-14T09:00:00,Haggerty,15-002123
2016-09-14T09:00:00,Cyrus,15-002088
2016-09-14T10:00:00,Ballin,15-002075
2016-09-14T10:30:00,Haggerty,15-002369
2016-09-14T13:00:00,Cyrus,15-002116
2016-09-14T13:00:00,Ballin,15-000255
2016-09-14T13:00:00,Ballin,15-002336
2016-09-14T14:30:00,Cyrus,15-001523
2016-09-15T09:00:00,Ballin,15-002386
2016-09-15T09:00:00,Ballin,15-002115
2016-09-15T09:00:00,Cyrus,14-002753
2016-09-15T10:00:00,Haggerty,15-002366
2016-09-15T10:30:00,Ballin,15-002292
2016-09-15T13:00:00,Ballin,15-002294
2016-09-15T13:00:00,Haggerty,15-002393
2016-09-15T14:00:00,Haggerty,15-002309
2016-09-20T09:00:00,Cyrus,15-002358
2016-09-20T09:00:00,Haggerty,15-000951
2016-09-20T10:00:00,Cyrus,15-002207
2016-09-20T13:00:00,Ballin,15-002157
2016-09-20T14:00:00,Haggerty,15-002305
2016-09-20T14:00:00,Cyrus,15-002127
2016-09-20T15:00:00,Haggerty,15-002349
2016-09-21T09:00:00,Cyrus,15-002222
2016-09-21T13:00:00,Haggerty,14-004288
2016-09-21T15:00:00,Haggerty,15-002854
2016-09-22T09:00:00,Cyrus,14-000025
2016-09-22T09:00:00,Haggerty,15-001711
2016-09-22T09:00:00,Cyrus,14-001884
2016-09-22T13:00:00,Cyrus,15-003116
2016-09-22T13:00:00,Haggerty,15-003215
2016-09-22T14:00:00,Cyrus,15-003444
2016-09-22T14:00:00,Haggerty,15-003225
2016-09-22T15:00:00,Cyrus,15-003204
2016-09-22T15:00:00,Haggerty,15-003236
2016-09-27T09:00:00,Ballin,15-002278
2016-09-27T10:30:00,Haggerty,15-002367
2016-09-27T13:00:00,Ballin,15-002258
2016-09-27T13:00:00,Cyrus,15-002296
2016-09-27T14:30:00,Ballin,15-002269
2016-09-27T14:30:00,Haggerty,15-002291
2016-09-28T09:00:00,Ballin,15-001760
2016-09-28T09:00:00,Cyrus,14-002700
2016-09-28T10:30:00,Ballin,14-002742
2016-09-28T10:30:00,Cyrus,15-000916
2016-09-28T14:00:00,Cyrus,15-001900
2016-09-29T09:00:00,Cyrus,15-001888
2016-09-29T09:00:00,Haggerty,15-002384
2016-09-29T10:00:00,Ballin,15-002338
2016-09-29T10:00:00,Haggerty,15-002361
2016-09-29T13:00:00,Ballin,15-002379
2016-09-29T13:00:00,Haggerty,15-002372
2016-09-29T13:00:00,Cyrus,15-001858
2016-09-29T14:00:00,Ballin,15-003253
2016-09-29T14:00:00,Haggerty,15-003305
2016-09-29T15:00:00,Cyrus,15-002392
2016-09-29T15:00:00,Haggerty,15-003430
2016-10-03T09:00:00,Haymaker,15-003810
2016-10-03T09:00:00,White,15-003880
2016-10-03T11:00:00,Haymaker,15-003820
2016-10-03T11:00:00,White,16-000879
2016-10-03T13:00:00,Gardner,15-003568
2016-10-03T15:00:00,Gardner,15-003679
2016-10-04T09:00:00,Cohen,15-001506
2016-10-04T09:00:00,Galvin,15-002307
2016-10-04T09:00:00,Haymaker,15-002660
2016-10-04T09:00:00,Cyrus,15-002900
2016-10-04T09:00:00,Haggerty,15-001777
2016-10-04T09:00:00,Ballin,15-002916
2016-10-04T10:00:00,Cyrus,15-002777
2016-10-04T10:30:00,Haggerty,15-002255
2016-10-04T10:30:00,Ballin,15-003013
2016-10-04T11:00:00,Cohen,15-001841
2016-10-04T11:00:00,Galvin,15-002370
2016-10-04T11:00:00,Olivero,15-002761
2016-10-04T13:00:00,Yi,15-002739
2016-10-04T13:00:00,Ballin,14-001572
2016-10-04T13:00:00,,15-000383
2016-10-04T15:00:00,Ballin,15-002437
2016-10-04T15:00:00,Yi,15-002780
2016-10-05T09:00:00,Ballin,15-003017
2016-10-05T09:00:00,Haggerty,15-003026
2016-10-05T09:00:00,Shapiro,15-003063
2016-10-05T09:00:00,Cyrus,15-003018
2016-10-05T10:30:00,Haggerty,15-003029
2016-10-05T10:30:00,Cyrus,15-003091
2016-10-05T11:00:00,Shapiro,15-003105
2016-10-05T13:00:00,Maschek,15-002869
2016-10-05T13:00:00,Cyrus,15-003162
2016-10-05T13:00:00,Haggerty,15-002901
2016-10-05T14:00:00,Cyrus,15-002507
2016-10-05T15:00:00,Haggerty,15-003021
2016-10-05T15:00:00,Ballin,15-003160
2016-10-06T09:00:00,Thielen,15-003139
2016-10-06T09:00:00,,15-001509
2016-10-06T11:00:00,Thielen,15-003143
2016-10-06T13:00:00,Ballin,15-002917
2016-10-06T14:30:00,Cyrus,15-002736
2016-10-06T15:00:00,Ballin,15-003176
2016-10-07T09:00:00,Sherrod,15-003268
2016-10-07T11:00:00,Sherrod,15-003275
2016-10-11T09:00:00,Galvin,15-002387
2016-10-11T09:00:00,Olivero,15-003326
2016-10-11T09:00:00,Cohen,15-002964
2016-10-11T09:00:00,Ballin,15-004055
2016-10-11T11:00:00,Olivero,15-002401
2016-10-11T11:00:00,Cohen,15-003477
2016-10-11T11:00:00,Galvin,15-003006
2016-10-11T13:00:00,Yi,15-002722
2016-10-11T13:00:00,Ballin,15-002406
2016-10-11T14:30:00,Ballin,15-002421
2016-10-11T15:00:00,Yi,15-003739
2016-10-12T11:00:00,Shapiro,15-003698
2016-10-12T13:00:00,Maschek,15-003184
2016-10-12T13:00:00,Cyrus,15-003071
2016-10-12T14:30:00,Haggerty,15-003084
2016-10-12T15:00:00,Maschek,15-003457
2016-10-13T09:00:00,Thielen,15-003706
2016-10-13T09:00:00,,15-001678
2016-10-13T11:00:00,Thielen,15-003772
2016-10-13T14:30:00,Haggerty,15-003286
2016-10-14T09:00:00,Sherrod,15-003789
2016-10-14T11:00:00,Sherrod,15-003998
2016-10-17T09:00:00,Haymaker,15-004007
2016-10-17T09:00:00,Manley,15-003356
2016-10-17T09:00:00,White,15-003818
2016-10-17T11:00:00,Haymaker,15-004180
2016-10-17T11:00:00,White,15-003871
2016-10-17T13:00:00,Gardner,15-003807
2016-10-17T15:00:00,Gardner,15-003808
2016-10-18T09:00:00,Manley,15-002642
2016-10-18T09:00:00,Olivero,15-004147
2016-10-18T09:00:00,Ballin,15-003145
2016-10-18T09:00:00,,15-000305
2016-10-18T10:00:00,Manley,15-002845
2016-10-18T11:00:00,Manley,15-002888
2016-10-18T11:00:00,Olivero,15-004198
2016-10-18T11:00:00,Cohen,16-000419
2016-10-18T13:00:00,Yi,15-004231
2016-10-18T13:00:00,Cohen,16-000110
2016-10-18T13:00:00,Cyrus,15-002446
2016-10-18T14:00:00,Cyrus,15-003111
2016-10-18T15:00:00,Ballin,15-003438
2016-10-18T15:00:00,Yi,16-000000
2016-10-19T09:00:00,Manley,15-003198
2016-10-19T09:00:00,,15-000235
2016-10-19T09:00:00,Shapiro,16-000478
2016-10-19T09:00:00,,15-001879
2016-10-19T10:00:00,,15-001975
2016-10-19T11:00:00,Manley,15-003345
2016-10-19T11:00:00,Shapiro,16-000597
2016-10-19T13:00:00,Maschek,16-001089
2016-10-19T13:00:00,Ballin,15-002077
2016-10-19T13:00:00,,15-001483
2016-10-19T15:00:00,Maschek,15-000277
2016-10-19T15:00:00,,15-002185
2016-10-20T09:00:00,Manley,15-003188
2016-10-20T09:00:00,Thielen,15-001339
2016-10-20T09:00:00,Ballin,15-003154
2016-10-20T09:00:00,Cyrus,15-002378
2016-10-20T09:00:00,,15-000022
2016-10-20T09:30:00,Manley,15-003351
2016-10-20T10:00:00,Manley,15-003489
2016-10-20T11:00:00,Thielen,15-000631
2016-10-20T13:00:00,Ballin,15-002397
2016-10-20T13:00:00,Cyrus,15-002413
2016-10-20T14:00:00,Haggerty,15-003040
2016-10-20T14:00:00,Cyrus,15-002469
2016-10-20T15:00:00,Ballin,15-002559
2016-10-21T09:00:00,Sherrod,15-002108
2016-10-21T11:00:00,Sherrod,15-002453
2016-10-24T11:00:00,Haymaker,15-002672
2016-10-24T13:00:00,Shapiro,15-002467
2016-10-24T15:00:00,Shapiro,15-002486
2016-10-24T21:00:00,White,15-002778
2016-10-25T09:00:00,Galvin,15-002840
2016-10-25T09:00:00,Olivero,15-002859
2016-10-25T09:00:00,Cohen,15-003022
2016-10-25T11:00:00,Olivero,15-002828
2016-10-25T15:00:00,Yi,15-002962
2016-10-26T09:00:00,Gardner,15-003229
2016-10-26T11:00:00,Gardner,15-003256
2016-10-26T15:00:00,Maschek,15-003214
2016-10-27T09:00:00,Thielen,15-003260
2016-10-27T11:00:00,Thielen,15-003319
2016-10-28T09:00:00,Sherrod,15-003329
2016-10-28T11:00:00,Sherrod,15-003346
2016-10-31T09:00:00,White,16-001189
2016-10-31T11:00:00,White,15-003849
2016-10-31T15:00:00,Gardner,15-002746
2016-11-01T09:00:00,Cyrus,15-002030
2016-11-01T09:00:00,Ballin,15-001536
2016-11-01T09:00:00,Cohen,15-002537
2016-11-01T09:00:00,Galvin,16-001397
2016-11-01T10:00:00,Ballin,15-002352
2016-11-01T10:30:00,Haggerty,15-002581
2016-11-01T11:00:00,Olivero,15-002332
2016-11-01T11:00:00,Cohen,15-002531
2016-11-01T11:00:00,Galvin,16-001392
2016-11-01T13:00:00,Cyrus,15-002256
2016-11-01T13:00:00,Ballin,15-000086
2016-11-01T13:00:00,Manley,15-002198
2016-11-01T14:00:00,Cyrus,15-000982
2016-11-01T15:00:00,Ballin,15-002418
2016-11-01T15:00:00,Haggerty,15-002750
2016-11-01T15:00:00,Yi,15-001532
2016-11-02T09:00:00,Cyrus,15-002855
2016-11-02T09:00:00,Ballin,15-002434
2016-11-02T09:00:00,Haggerty,15-002474
2016-11-02T09:00:00,Shapiro,15-002572
2016-11-02T10:00:00,Cyrus,15-002438
2016-11-02T10:30:00,Ballin,15-002861
2016-11-02T10:30:00,Haggerty,15-003000
2016-11-02T11:00:00,Maschek,15-002852
2016-11-02T13:00:00,Haggerty,15-003960
2016-11-02T14:00:00,Haggerty,15-002377
2016-11-02T15:00:00,Cyrus,15-003476
2016-11-02T15:00:00,Maschek,15-002545
2016-11-03T09:00:00,Ballin,15-002459
2016-11-03T09:00:00,Haggerty,15-002551
2016-11-03T10:30:00,Ballin,15-003505
2016-11-03T10:30:00,Haggerty,15-003930
2016-11-03T10:30:00,Cyrus,15-003486
2016-11-03T11:00:00,Thielen,15-002671
2016-11-03T13:00:00,Haggerty,15-003972
2016-11-03T13:00:00,Cyrus,15-003850
2016-11-03T14:00:00,Ballin,15-003637
2016-11-03T14:00:00,Haggerty,15-003740
2016-11-03T15:00:00,Haggerty,15-003768
2016-11-03T15:00:00,Ballin,15-003788
2016-11-03T15:00:00,Cyrus,15-003816
2016-11-04T09:00:00,Sherrod,15-002680
2016-11-04T11:00:00,Sherrod,15-002701
2016-11-07T09:00:00,Haymaker,15-002755
2016-11-07T09:00:00,White,15-002824
2016-11-07T11:00:00,Haymaker,15-002776
2016-11-07T11:00:00,White,15-002992
2016-11-07T13:00:00,Gardner,15-002730
2016-11-07T15:00:00,Gardner,15-002754
2016-11-09T10:30:00,Ballin,15-003939
2016-11-09T10:30:00,Haggerty,15-004008
2016-11-09T11:00:00,Shapiro,15-003103
2016-11-09T13:00:00,Cyrus,15-002048
2016-11-09T13:00:00,Haggerty,15-002334
2016-11-09T13:00:00,Maschek,15-002858
2016-11-09T13:00:00,Ballin,14-002994
2016-11-09T14:30:00,Cyrus,15-004088
2016-11-09T14:30:00,Haggerty,15-002605
2016-11-09T15:00:00,Ballin,15-004159
2016-11-09T15:00:00,Maschek,15-003004
2016-11-10T09:00:00,Haggerty,15-002483
2016-11-10T09:00:00,Cyrus,15-002409
2016-11-10T10:30:00,Ballin,15-002171
2016-11-10T13:00:00,Haggerty,15-002633
2016-11-10T13:00:00,Cyrus,15-002703
2016-11-10T14:30:00,Haggerty,15-004181
2016-11-10T14:30:00,Cyrus,15-004179
2016-11-14T09:00:00,Haymaker,15-003011
2016-11-14T09:00:00,White,15-003381
2016-11-14T11:00:00,Haymaker,15-003159
2016-11-14T13:00:00,Gardner,15-003165
2016-11-14T15:00:00,Gardner,15-002998
2016-11-15T09:00:00,Galvin,15-003278
2016-11-15T09:00:00,Olivero,15-003878
2016-11-15T11:00:00,Galvin,15-003252
2016-11-15T11:00:00,Olivero,15-003879
2016-11-15T15:00:00,Yi,15-003520
2016-11-17T13:00:00,Thielen,15-003554
2016-11-17T15:00:00,Thielen,15-003746
2016-11-18T09:00:00,Sherrod,15-004000
2016-11-18T11:00:00,Sherrod,15-003940
2016-11-21T09:00:00,Haggerty,15-002458
2016-11-21T09:00:00,White,15-004129
2016-11-21T09:00:00,Cyrus,15-002473
2016-11-21T11:00:00,White,16-000310
2016-11-21T13:00:00,Haggerty,15-002415
2016-11-21T13:00:00,Gardner,16-000190
2016-11-21T13:00:00,Cyrus,15-002427
2016-11-21T15:00:00,Haggerty,15-004342
2016-11-21T15:00:00,Cyrus,15-004392
2016-11-21T15:00:00,Gardner,15-004219
2016-11-22T09:00:00,Cyrus,15-002629
2016-11-22T09:00:00,Olivero,15-004389
2016-11-22T09:00:00,Galvin,16-000034
2016-11-22T09:00:00,Cohen,16-000073
2016-11-22T10:30:00,Haggerty,15-002350
2016-11-22T10:30:00,Cyrus,14-003608
2016-11-22T11:00:00,Galvin,15-004209
2016-11-22T11:00:00,Olivero,15-004230
2016-11-22T11:00:00,Cohen,15-004377
2016-11-22T13:00:00,Cyrus,15-004049
2016-11-22T13:00:00,Haggerty,15-004079
2016-11-22T13:00:00,Yi,16-000094
2016-11-22T14:00:00,Haggerty,15-004251
2016-11-22T14:00:00,Cyrus,15-004189
2016-11-22T15:00:00,Yi,15-004289
2016-11-28T09:00:00,White,16-000351
2016-11-28T09:00:00,Haymaker,16-000687
2016-11-28T11:00:00,Haymaker,16-000244
2016-11-28T11:00:00,White,16-000313
2016-11-29T09:00:00,Haggerty,15-002760
2016-11-29T09:00:00,Cyrus,15-002735
2016-11-29T09:00:00,Ballin,15-002720
2016-11-29T09:00:00,Galvin,16-000650
2016-11-29T09:00:00,Cohen,16-000787
2016-11-29T09:00:00,Olivero,16-000909
2016-11-29T10:30:00,Cyrus,15-002316
2016-11-29T11:00:00,Galvin,16-000452
2016-11-29T11:00:00,Olivero,16-000679
2016-11-29T11:00:00,Cohen,16-000838
2016-11-29T13:00:00,Ballin,15-000335
2016-11-29T13:00:00,Haggerty,15-002566
2016-11-29T13:00:00,Yi,16-000710
2016-11-29T13:00:00,Cyrus,15-002491
2016-11-29T15:00:00,Thielen,16-000719
2016-11-30T09:00:00,Cyrus,15-002813
2016-11-30T09:00:00,Shapiro,16-001049
2016-11-30T10:30:00,Cyrus,15-002153
2016-11-30T10:30:00,Cyrus,15-002223
2016-11-30T10:30:00,Cyrus,15-002324
2016-11-30T10:30:00,Cyrus,15-002494
2016-11-30T10:30:00,Cyrus,15-002554
2016-11-30T10:30:00,Cyrus,15-002653
2016-11-30T10:30:00,Cyrus,15-002804
2016-11-30T10:30:00,Cyrus,15-002884
2016-11-30T10:30:00,Cyrus,15-003003
2016-11-30T10:30:00,Cyrus,15-003033
2016-11-30T10:30:00,Cyrus,15-003141
2016-11-30T11:00:00,Shapiro,16-001209
2016-11-30T13:00:00,Ballin,15-002800
2016-11-30T13:00:00,Maschek,16-000860
2016-11-30T13:00:00,Cyrus,15-002632
2016-11-30T15:00:00,Maschek,16-000910
2016-12-01T09:00:00,Ballin,15-002836
2016-12-01T09:00:00,Haggerty,15-002844
2016-12-01T09:00:00,Cyrus,15-002911
2016-12-01T09:00:00,Thielen,16-001710
2016-12-01T10:30:00,Cyrus,15-002281
2016-12-01T11:00:00,Thielen,16-001212
2016-12-01T13:00:00,Haggerty,15-002906
2016-12-01T13:00:00,Cyrus,15-002862
2016-12-02T09:00:00,Sherrod,16-001349
2016-12-05T09:00:00,Haymaker,15-003494
2016-12-05T09:00:00,Gardner,15-003463
2016-12-05T09:00:00,White,15-003551
2016-12-05T11:00:00,White,15-003681
2016-12-05T11:00:00,Haymaker,15-003538
2016-12-05T15:00:00,Gardner,15-003480
2016-12-06T09:00:00,Galvin,15-003710
2016-12-06T09:00:00,Olivero,15-004117
2016-12-06T09:00:00,Manley,15-002925
2016-12-06T09:00:00,Ballin,15-001646
2016-12-06T09:00:00,Cyrus,15-000175
2016-12-06T11:00:00,Olivero,15-004379
2016-12-06T13:00:00,Yi,16-000169
2016-12-06T13:00:00,Ballin,15-001185
2016-12-06T15:00:00,Yi,16-000184
2016-12-07T09:00:00,Ballin,15-003146
2016-12-07T09:00:00,Cyrus,15-003177
2016-12-07T09:00:00,Haggerty,15-003254
2016-12-07T13:00:00,Haggerty,15-002970
2016-12-07T13:00:00,Cyrus,15-003112
2016-12-08T09:00:00,Thielen,16-000161
2016-12-08T09:00:00,Ballin,15-003651
2016-12-08T09:00:00,Cyrus,15-003687
2016-12-08T09:00:00,Haggerty,15-003689
2016-12-08T11:00:00,Thielen,16-000449
2016-12-08T13:00:00,Haggerty,15-003148
2016-12-08T13:00:00,Cyrus,15-003171
2016-12-08T13:00:00,Ballin,15-003259
2016-12-09T09:00:00,Sherrod,16-001462
2016-12-09T11:00:00,Sherrod,16-001742
2016-12-12T09:00:00,White,16-000699
2016-12-12T11:00:00,Haymaker,16-000901
2016-12-12T11:00:00,White,16-000580
2016-12-12T13:00:00,Gardner,16-001221
2016-12-12T15:00:00,Gardner,16-001532
2016-12-13T09:00:00,Cohen,14-003871
2016-12-13T09:00:00,Galvin,15-002298
2016-12-13T09:00:00,Cyrus,15-003699
2016-12-13T09:00:00,Manley,15-003942
2016-12-13T09:00:00,Haggerty,15-003996
2016-12-13T11:00:00,Cohen,16-000998
2016-12-13T11:00:00,Olivero,15-004157
2016-12-13T11:00:00,Galvin,16-001080
2016-12-13T13:00:00,Yi,16-001149
2016-12-13T13:00:00,Haggerty,15-002774
2016-12-13T15:00:00,Yi,16-001111
2016-12-14T09:00:00,Ballin,15-004254
2016-12-14T09:00:00,Haggerty,15-004226
2016-12-14T09:00:00,Cyrus,15-003201
2016-12-14T13:00:00,Ballin,15-003330
2016-12-14T13:00:00,Haggerty,15-003887
2016-12-14T13:00:00,Cyrus,15-003322
2016-12-15T09:00:00,Thielen,16-000797
2016-12-15T09:00:00,Ballin,16-000040
2016-12-15T09:00:00,Haggerty,15-004437
2016-12-15T09:00:00,Cyrus,16-000064
2016-12-15T11:00:00,Thielen,16-001125
2016-12-15T13:00:00,Haggerty,15-003197
2016-12-15T13:00:00,Ballin,16-000129
2016-12-15T13:00:00,Cyrus,15-003999
2016-12-16T09:00:00,Haymaker,16-000339
2017-01-03T09:00:00,Olivero,14-002562
2017-01-03T09:00:00,Cohen,16-001369
2017-01-03T11:00:00,Galvin,16-001126
2017-01-03T11:00:00,Olivero,16-001317
2017-01-04T09:00:00,Shapiro,16-001730
2017-01-04T11:00:00,Shapiro,16-001460
2017-01-04T15:00:00,Maschek,16-001249
2017-01-05T09:00:00,Thielen,15-002602
2017-01-05T11:00:00,Thielen,15-004029
2017-01-06T09:00:00,Sherrod,16-001607
2017-01-06T11:00:00,Sherrod,15-004037
2017-01-09T09:00:00,White,15-002809
2017-01-09T09:00:00,Haymaker,15-004270
2017-01-09T11:00:00,Haymaker,16-000128
2017-01-09T13:00:00,Gardner,15-003200
2017-01-09T15:00:00,Gardner,15-003309
2017-01-10T09:00:00,Galvin,15-003327
2017-01-10T09:00:00,Olivero,15-003931
2017-01-10T09:00:00,Cohen,15-004128
2017-01-10T11:00:00,Galvin,15-003363
2017-01-10T11:00:00,Cohen,15-004263
2017-01-11T09:00:00,Shapiro,15-004309
2017-01-11T13:00:00,Maschek,15-002930
2017-01-11T15:00:00,Maschek,15-003195
2017-01-12T09:00:00,Thielen,15-004339
2017-01-12T11:00:00,Thielen,16-000127
2017-01-13T11:00:00,Sherrod,16-000216
2017-01-17T09:00:00,Cohen,15-001042
2017-01-18T09:00:00,Shapiro,15-002558
2017-01-18T11:00:00,Shapiro,15-003134
2017-01-18T13:00:00,Maschek,15-003239
2017-01-18T15:00:00,Maschek,15-003461
2017-01-19T11:00:00,Thielen,15-003478
2017-01-20T09:00:00,Sherrod,15-003479
2017-01-20T11:00:00,Sherrod,15-003622
2017-01-23T09:00:00,Haymaker,15-004255
2017-01-23T11:00:00,Haymaker,16-000180
2017-01-23T11:00:00,White,16-001202
2017-01-23T13:00:00,Gardner,16-001886
2017-01-23T15:00:00,Gardner,16-000062
2017-01-24T09:00:00,Galvin,16-000265
2017-01-24T09:00:00,Olivero,16-000700
2017-01-24T09:00:00,Cohen,16-000922
2017-01-24T11:00:00,Galvin,16-000365
2017-01-24T11:00:00,Olivero,16-000759
2017-01-24T11:00:00,Thielen,16-000948
2017-01-25T13:00:00,Maschek,16-001669
2017-01-25T15:00:00,Maschek,16-001739
2017-01-26T13:00:00,Maschek,16-000418
2017-01-27T09:00:00,Sherrod,16-001759
2017-01-27T11:00:00,Sherrod,16-001832
2017-01-30T09:00:00,White,16-000227
2017-01-30T09:00:00,Haymaker,16-000065
2017-01-30T11:00:00,White,15-000161
2017-01-30T11:00:00,Haymaker,15-002529
2017-01-30T13:00:00,Gardner,16-000334
2017-01-30T15:00:00,Gardner,15-003874
2017-01-31T09:00:00,Galvin,15-003720
2017-01-31T09:00:00,Cohen,16-000438
2017-01-31T11:00:00,Cohen,15-002557
2017-01-31T11:00:00,Galvin,16-000625
2017-01-31T13:00:00,Yi,15-000648
2017-02-01T09:00:00,Ballin,16-000112
2017-02-01T09:00:00,Shapiro,15-003280
2017-02-01T09:00:00,Cyrus,15-003545
2017-02-01T10:00:00,Ballin,15-002519
2017-02-01T11:00:00,Shapiro,16-001930
2017-02-01T13:00:00,Ballin,15-003238
2017-02-01T13:00:00,Cyrus,15-002943
2017-02-01T13:00:00,Maschek,16-001755
2017-02-01T14:00:00,Ballin,15-003209
2017-02-01T14:30:00,Cyrus,15-003062
2017-02-01T15:00:00,Ballin,15-002831
2017-02-01T15:00:00,Maschek,16-000877
2017-02-02T09:00:00,Ballin,15-003183
2017-02-02T09:00:00,Cyrus,15-003271
2017-02-02T10:30:00,Cyrus,15-003077
2017-02-02T11:00:00,Thielen,16-001076
2017-02-02T13:00:00,Cyrus,15-003189
2017-02-03T11:00:00,Sherrod,16-000325
2017-02-06T11:00:00,Haymaker,16-000286
2017-02-06T13:00:00,Gardner,16-000411
2017-02-06T15:00:00,Gardner,16-001985
2017-02-07T09:00:00,Olivero,16-000432
2017-02-07T09:00:00,Galvin,16-001676
2017-02-07T09:00:00,Ballin,15-002908
2017-02-07T09:00:00,Cyrus,15-002073
2017-02-07T11:00:00,Cohen,16-000213
2017-02-07T11:00:00,Olivero,16-000308
2017-02-07T11:00:00,Galvin,16-000729
2017-02-07T13:00:00,Yi,15-002443
2017-02-07T14:30:00,Cyrus,15-003106
2017-02-07T15:00:00,Yi,16-000276
2017-02-08T09:00:00,Shapiro,16-000626
2017-02-08T11:00:00,Shapiro,16-000716
2017-02-08T13:00:00,Cyrus,15-002521
2017-02-08T14:30:00,Cyrus,15-003398
2017-02-09T09:00:00,Thielen,16-000717
2017-02-09T09:00:00,Ballin,15-002362
2017-02-09T09:00:00,Cyrus,15-002275
2017-02-09T11:00:00,Thielen,16-001621
2017-02-09T13:00:00,Ballin,15-002918
2017-02-10T09:00:00,Sherrod,16-001731
2017-02-10T11:00:00,Sherrod,16-001869
2017-02-14T09:00:00,Cyrus,15-003082
2017-02-14T09:30:00,Haggerty,15-000282
2017-02-14T11:00:00,Cyrus,14-001448
2017-02-14T13:00:00,Cyrus,15-001870
2017-02-14T15:00:00,Cyrus,15-002937
2017-02-15T09:00:00,Ballin,15-003334
2017-02-15T09:00:00,Haggerty,15-001921
2017-02-15T09:00:00,Cyrus,15-002842
2017-02-15T13:00:00,Ballin,15-002764
2017-02-15T13:00:00,Cyrus,15-002718
2017-02-15T13:00:00,Haggerty,15-002270
2017-02-15T14:30:00,Ballin,15-003298
2017-02-15T14:30:00,Cyrus,15-002504
2017-02-15T15:00:00,Haggerty,16-000329
2017-02-16T09:00:00,Ballin,15-002598
2017-02-16T09:30:00,Thielen,15-003287
2017-02-16T13:00:00,Cyrus,15-002830
2017-02-16T13:00:00,Haggerty,16-000347
2017-02-16T14:30:00,Ballin,15-001078
2017-02-16T14:30:00,Cyrus,15-002588
2017-02-16T14:30:00,Haggerty,16-000348
2017-02-17T14:00:00,White,16-001162
2017-02-22T09:00:00,Ballin,15-002922
2017-02-22T13:00:00,Ballin,15-003373
2017-02-22T13:00:00,Cyrus,15-003401
2017-02-22T13:00:00,Haggerty,15-003267
2017-02-22T15:00:00,,16-000260
2017-02-22T15:00:00,Ballin,15-003645
2017-02-22T15:00:00,Cyrus,16-000510
2017-02-23T09:00:00,Cyrus,15-002493
2017-02-23T09:00:00,Cyrus,15-002763
2017-02-23T09:00:00,Cyrus,15-002894
2017-02-23T09:00:00,Cyrus,15-003234
2017-02-23T09:00:00,Cyrus,15-003558
2017-02-23T09:00:00,Cyrus,15-004023
2017-02-23T09:00:00,Cyrus,16-000704
2017-02-23T10:30:00,Ballin,15-004335
2017-02-23T10:30:00,Haggerty,16-000352
2017-02-23T14:00:00,Cyrus,15-002158
2017-02-23T14:30:00,Haggerty,15-001786
2017-02-23T15:00:00,Ballin,16-000198
2017-02-27T09:00:00,Haymaker,15-003186
2017-02-27T09:00:00,White,15-003387
2017-02-27T11:00:00,Haymaker,16-000058
2017-02-27T11:00:00,White,16-001458
2017-02-27T13:00:00,Gardner,16-000037
2017-02-27T15:00:00,Gardner,16-000217
2017-02-28T09:00:00,Ballin,16-000538
2017-02-28T09:00:00,Haggerty,16-000350
2017-02-28T09:00:00,Olivero,16-000620
2017-02-28T09:00:00,Cohen,16-001652
2017-02-28T10:30:00,Ballin,15-003185
2017-02-28T11:00:00,Cohen,16-001477
2017-02-28T13:00:00,Yi,16-001528
2017-02-28T13:00:00,Ballin,15-003206
2017-03-01T11:00:00,Shapiro,16-001251
2017-03-01T13:00:00,Maschek,16-001511
2017-03-01T15:00:00,Maschek,16-001271
2017-03-02T09:00:00,Thielen,16-000962
2017-03-02T09:00:00,Ballin,16-000131
2017-03-02T09:00:00,Haggerty,16-000824
2017-03-02T09:00:00,Cyrus,15-004006
2017-03-02T10:30:00,Ballin,16-000599
2017-03-02T10:30:00,Haggerty,16-000287
2017-03-02T11:00:00,Thielen,16-000355
2017-03-02T13:00:00,Cyrus,16-000430
2017-03-02T13:00:00,Ballin,15-004100
2017-03-02T13:00:00,Haggerty,15-004204
2017-03-02T14:30:00,Cyrus,16-000630
2017-03-03T09:00:00,Sherrod,16-002212
2017-03-03T11:00:00,Sherrod,16-002382
2017-03-06T09:00:00,White,16-002131
2017-03-06T11:00:00,White,16-002117
2017-03-06T13:00:00,Gardner,16-000479
2017-03-06T15:00:00,Gardner,16-000317
2017-03-07T09:00:00,Galvin,16-000086
2017-03-07T09:00:00,Olivero,16-002047
2017-03-07T09:00:00,Cyrus,15-004308
2017-03-07T09:00:00,Haggerty,15-004120
2017-03-07T11:00:00,Galvin,16-001972
2017-03-07T11:00:00,Olivero,16-002098
2017-03-07T13:00:00,Yi,16-002377
2017-03-07T13:00:00,Ballin,16-000369
2017-03-07T13:00:00,Cyrus,16-000109
2017-03-07T13:00:00,Haggerty,16-000999
2017-03-07T14:30:00,Ballin,16-000512
2017-03-07T14:30:00,Cyrus,16-000044
2017-03-07T14:30:00,Haggerty,16-000074
2017-03-07T15:00:00,Yi,16-002388
2017-03-08T09:00:00,Shapiro,15-001002
2017-03-08T09:00:00,Ballin,15-003467
2017-03-08T09:00:00,Cyrus,15-003670
2017-03-08T09:00:00,Haggerty,15-002816
2017-03-08T11:00:00,Shapiro,15-004381
2017-03-08T13:00:00,Maschek,16-000051
2017-03-08T13:00:00,Cyrus,15-003523
2017-03-08T13:00:00,Ballin,15-004310
2017-03-08T15:00:00,Cyrus,15-003736
2017-03-09T09:00:00,Thielen,16-000657
2017-03-09T09:00:00,Cyrus,15-004210
2017-03-09T11:00:00,Thielen,16-000210
2017-03-09T13:00:00,Cyrus,15-004155
2017-03-09T13:00:00,Haggerty,15-004012
2017-03-09T15:00:00,Cyrus,15-003780
2017-03-10T09:00:00,Sherrod,16-000992
2017-03-10T11:00:00,Sherrod,16-001056
2017-03-13T09:00:00,White,16-001084
2017-03-13T11:00:00,White,16-001096
2017-03-13T13:00:00,Gardner,16-001186
2017-03-13T15:00:00,Gardner,15-004054
2017-03-14T09:00:00,Olivero,15-004154
2017-03-14T09:00:00,Galvin,15-004092
2017-03-14T09:00:00,Ballin,15-003341
2017-03-14T09:00:00,Cyrus,16-000830
2017-03-14T09:00:00,Cyrus,16-000850
2017-03-14T11:00:00,Galvin,15-004099
2017-03-14T11:00:00,Olivero,15-004185
2017-03-14T13:00:00,Yi,15-004195
2017-03-14T13:00:00,Ballin,16-000695
2017-03-14T13:00:00,Ballin,16-000696
2017-03-14T13:00:00,Cyrus,16-000582
2017-03-14T13:00:00,Haggerty,16-000907
2017-03-14T14:30:00,Ballin,15-004274
2017-03-14T15:00:00,Yi,15-004286
2017-03-15T09:00:00,Shapiro,16-000534
2017-03-15T09:00:00,Ballin,15-003534
2017-03-15T11:00:00,Shapiro,16-001722
2017-03-15T13:00:00,Maschek,16-001933
2017-03-15T15:00:00,Maschek,16-001938
2017-03-16T09:00:00,Cohen,16-002277
2017-03-16T09:00:00,Ballin,15-003539
2017-03-16T09:00:00,Cyrus,15-004442
2017-03-16T09:00:00,Haggerty,16-000326
2017-03-16T11:00:00,Cohen,15-002829
2017-03-16T13:00:00,Ballin,15-002237
2017-03-16T13:00:00,Cyrus,16-000970
2017-03-17T09:00:00,Olivero,16-000640
2017-03-17T11:00:00,Sherrod,16-001261
2017-03-20T09:00:00,White,16-001351
2017-03-20T13:00:00,Gardner,16-001539
2017-03-20T15:00:00,White,16-001352
2017-03-20T15:00:00,Gardner,16-001547
2017-03-21T09:00:00,Galvin,16-001638
2017-03-21T09:00:00,Olivero,16-001749
2017-03-21T09:00:00,Ballin,16-000209
2017-03-21T09:00:00,Cyrus,16-000386
2017-03-21T09:00:00,Haggerty,16-000330
2017-03-21T11:00:00,Galvin,16-001658
2017-03-21T11:00:00,Olivero,16-001777
2017-03-21T13:00:00,Yi,16-001949
2017-03-21T13:00:00,Ballin,15-003276
2017-03-21T13:00:00,Haggerty,16-000076
2017-03-21T13:00:00,Cyrus,16-002111
2017-03-21T14:30:00,Haggerty,16-000761
2017-03-21T15:00:00,Yi,16-001951
2017-03-21T15:00:00,Ballin,15-002182
2017-03-21T15:00:00,Cyrus,15-002161
2017-03-22T09:00:00,Shapiro,16-001978
2017-03-22T09:00:00,Cyrus,15-004208
2017-03-22T09:00:00,Haggerty,15-002821
2017-03-22T11:00:00,Shapiro,16-002009
2017-03-22T13:00:00,Cyrus,15-003601
2017-03-22T13:00:00,Haggerty,16-000399
2017-03-23T09:00:00,Ballin,15-004346
2017-03-23T09:00:00,Cyrus,16-000714
2017-03-23T09:00:00,Haggerty,16-000959
2017-03-23T13:00:00,Cyrus,16-001226
2017-03-23T13:00:00,Ballin,15-004341
2017-03-23T13:00:00,Haggerty,16-001998
2017-03-23T14:30:00,Cyrus,16-000671
2017-03-23T15:00:00,Ballin,15-004423
2017-03-24T09:00:00,Sherrod,16-002140
2017-03-24T11:00:00,Sherrod,16-002331
2017-03-27T11:00:00,White,15-003456
2017-03-27T13:00:00,Gardner,15-003495
2017-03-27T15:00:00,Gardner,15-003508
2017-03-28T09:00:00,Galvin,15-003630
2017-03-28T09:00:00,Olivero,16-000570
2017-03-28T09:00:00,Ballin,16-001042
2017-03-28T09:00:00,Cyrus,16-001641
2017-03-28T09:00:00,Haggerty,16-000899
2017-03-28T10:30:00,Cyrus,16-000977
2017-03-28T11:00:00,Galvin,15-003827
2017-03-28T11:00:00,Olivero,16-000872
2017-03-28T13:00:00,Yi,16-001071
2017-03-28T13:00:00,Ballin,15-004385
2017-03-28T13:00:00,Cyrus,15-002997
2017-03-28T15:00:00,Yi,16-001085
2017-03-29T09:00:00,Shapiro,16-001712
2017-03-29T09:00:00,Ballin,15-002817
2017-03-29T09:00:00,Haggerty,16-000185
2017-03-29T09:00:00,Cyrus,15-002994
2017-03-29T11:00:00,Shapiro,16-001871
2017-03-29T13:00:00,Maschek,16-001982
2017-03-29T13:00:00,Ballin,16-001481
2017-03-29T13:00:00,Haggerty,16-000781
2017-03-29T15:00:00,Maschek,16-001740
2017-03-30T09:00:00,Thielen,16-001604
2017-03-30T09:00:00,Haggerty,15-004360
2017-03-30T09:00:00,Ballin,16-002099
2017-03-30T09:00:00,Ballin,16-002100
2017-03-30T11:00:00,Thielen,16-000489
2017-03-30T13:00:00,Ballin,15-003390
2017-03-30T13:00:00,Cyrus,15-003522
2017-03-30T13:00:00,Haggerty,16-001751
2017-03-31T09:00:00,Sherrod,16-001087
2017-03-31T11:00:00,Sherrod,15-004349
2017-04-04T09:00:00,Ballin,15-002347
2017-04-04T09:00:00,Cyrus,15-002268
2017-04-04T09:00:00,Haggerty,15-003266
2017-04-04T10:30:00,Cyrus,15-002832
2017-04-04T13:00:00,Ballin,15-003064
2017-04-04T13:00:00,Cyrus,16-002112
2017-04-04T13:00:00,Haggerty,16-001127
2017-04-04T14:00:00,Cyrus,16-002088
2017-04-04T14:30:00,Haggerty,16-000698
2017-04-05T09:00:00,Cyrus,16-000898
2017-04-05T09:00:00,Haggerty,15-004205
2017-04-05T09:00:00,Ballin,16-000920
2017-04-05T09:00:00,Cyrus,16-000839
2017-04-05T09:00:00,Haggerty,16-000645
2017-04-05T13:00:00,Ballin,15-003222
2017-04-05T13:00:00,Cyrus,15-003213
2017-04-06T09:00:00,Ballin,16-000560
2017-04-06T10:30:00,Ballin,16-001898
2017-04-06T10:30:00,Cyrus,16-002000
2017-04-06T10:30:00,Haggerty,15-004220
2017-04-06T13:00:00,Ballin,15-003927
2017-04-06T13:00:00,Cyrus,16-002049
2017-04-06T13:00:00,Haggerty,16-002244
2017-04-11T09:00:00,Ballin,16-002040
2017-04-11T09:00:00,Haggerty,16-001870
2017-04-11T13:00:00,Ballin,16-000861
2017-04-11T13:00:00,Haggerty,15-003264
2017-04-12T09:00:00,Ballin,16-002042
2017-04-12T09:00:00,Haggerty,16-001437
2017-04-12T10:30:00,Ballin,15-003499
2017-04-12T10:30:00,Haggerty,15-004165
2017-04-12T13:00:00,Ballin,16-001468
2017-04-12T13:00:00,Haggerty,16-000475
2017-04-13T09:00:00,Haggerty,16-000536
2017-04-13T13:00:00,Haggerty,16-000454
2017-04-13T15:00:00,Haggerty,15-004161
2017-04-17T09:00:00,White,15-004098
2017-04-17T09:00:00,White,16-000097
2017-04-17T13:00:00,Gardner,16-001829
2017-04-17T15:00:00,Gardner,16-002229
2017-04-18T11:00:00,Olivero,16-000528
2017-04-18T13:00:00,Yi,15-004296
2017-04-18T15:00:00,Yi,15-003613
2017-04-18T21:00:00,Olivero,15-004036
2017-04-19T09:00:00,Shapiro,15-004035
2017-04-19T11:00:00,Shapiro,15-002655
2017-04-19T13:00:00,Maschek,16-000381
2017-04-19T15:00:00,Maschek,15-002685
2017-04-20T09:00:00,Thielen,15-003344
2017-04-20T11:00:00,Thielen,15-004097
2017-04-21T09:00:00,Sherrod,15-003829
2017-04-21T11:00:00,Sherrod,15-003830
2017-04-24T09:00:00,White,15-003191
2017-04-24T09:00:00,Haymaker,16-000282
2017-04-24T11:00:00,Haymaker,16-000331
2017-04-24T11:00:00,White,16-000556
2017-04-24T13:00:00,Gardner,16-000621
2017-04-24T15:00:00,Gardner,16-000675
2017-04-25T09:00:00,Olivero,16-000782
2017-04-25T11:00:00,Olivero,16-000685
2017-04-25T13:00:00,Yi,16-000756
2017-04-25T15:00:00,Yi,16-000858
2017-04-26T09:00:00,Shapiro,16-000866
2017-04-26T11:00:00,Shapiro,16-001258
2017-04-26T13:00:00,Maschek,16-001293
2017-04-26T15:00:00,Maschek,16-001372
2017-04-27T11:00:00,Thielen,16-001448
2017-04-27T11:00:00,Thielen,16-001597
2017-04-28T09:00:00,Sherrod,16-001600
2017-04-28T09:00:00,Sherrod,16-001662
2017-06-15T09:00:00,Haggerty,15-004441
2017-06-20T14:30:00,Cyrus,15-003196
